Game,Datetime,Market,Event/Person/Team,Odds,Update timestamp
Terrafirma Dyip vs Phoenix Fuel Masters,17/06/2022 15:00,Head to Head - Match,Terrafirma Dyip,3.97,17/06/2022 12:03
Terrafirma Dyip vs Phoenix Fuel Masters,17/06/2022 15:00,Head to Head - Match,Phoenix Fuel Masters,1.27,17/06/2022 12:03
Terrafirma Dyip vs Phoenix Fuel Masters,17/06/2022 15:00,Asian Handicap - Match,Terrafirma Dyip +7.5,1.85,17/06/2022 12:03
Terrafirma Dyip vs Phoenix Fuel Masters,17/06/2022 15:00,Asian Handicap - Match,Phoenix Fuel Masters -7.5,2.01,17/06/2022 12:03
Terrafirma Dyip vs Phoenix Fuel Masters,17/06/2022 15:00,Over / Under - Match,Over 198.5,1.94,17/06/2022 12:03
Terrafirma Dyip vs Phoenix Fuel Masters,17/06/2022 15:00,Over / Under - Match,Under 198.5,1.9,17/06/2022 12:03
Terrafirma Dyip vs Phoenix Fuel Masters,17/06/2022 15:00,Odd/Even Total Points - Match,Even,1.95,17/06/2022 12:03
Terrafirma Dyip vs Phoenix Fuel Masters,17/06/2022 15:00,Odd/Even Total Points - Match,Odd,1.94,17/06/2022 12:03
Terrafirma Dyip vs Phoenix Fuel Masters,17/06/2022 15:00,Winning Margin - Match,MAHINDRA ENFORCERS by 1-5,7,17/06/2022 12:03
Terrafirma Dyip vs Phoenix Fuel Masters,17/06/2022 15:00,Winning Margin - Match,Phoenix Fuel Masters by 1-5,4.5,17/06/2022 12:03
Terrafirma Dyip vs Phoenix Fuel Masters,17/06/2022 15:00,Winning Margin - Match,MAHINDRA ENFORCERS by 6-10,9.2,17/06/2022 12:03
Terrafirma Dyip vs Phoenix Fuel Masters,17/06/2022 15:00,Winning Margin - Match,Phoenix Fuel Masters by 6-10,3.55,17/06/2022 12:03
Terrafirma Dyip vs Phoenix Fuel Masters,17/06/2022 15:00,Winning Margin - Match,MAHINDRA ENFORCERS by 11-15,17,17/06/2022 12:03
Terrafirma Dyip vs Phoenix Fuel Masters,17/06/2022 15:00,Winning Margin - Match,Phoenix Fuel Masters by 11-15,6,17/06/2022 12:03
Terrafirma Dyip vs Phoenix Fuel Masters,17/06/2022 15:00,Winning Margin - Match,MAHINDRA ENFORCERS by 16-20,30,17/06/2022 12:03
Terrafirma Dyip vs Phoenix Fuel Masters,17/06/2022 15:00,Winning Margin - Match,Phoenix Fuel Masters by 16-20,7,17/06/2022 12:03
Terrafirma Dyip vs Phoenix Fuel Masters,17/06/2022 15:00,Winning Margin - Match,MAHINDRA ENFORCERS by 21-25,80,17/06/2022 12:03
Terrafirma Dyip vs Phoenix Fuel Masters,17/06/2022 15:00,Winning Margin - Match,Phoenix Fuel Masters by 21-25,11,17/06/2022 12:03
Terrafirma Dyip vs Phoenix Fuel Masters,17/06/2022 15:00,Winning Margin - Match,MAHINDRA ENFORCERS by 26+,101,17/06/2022 12:03
Terrafirma Dyip vs Phoenix Fuel Masters,17/06/2022 15:00,Winning Margin - Match,Phoenix Fuel Masters by 26+,12,17/06/2022 12:03
San Miguel Beermen vs Magnolia Hotshots,17/06/2022 18:00,Head to Head - Match,San Miguel Beermen,1.44,17/06/2022 12:03
San Miguel Beermen vs Magnolia Hotshots,17/06/2022 18:00,Head to Head - Match,Magnolia Hotshots,2.92,17/06/2022 12:03
San Miguel Beermen vs Magnolia Hotshots,17/06/2022 18:00,Asian Handicap - Match,San Miguel Beermen -5.5,2.01,17/06/2022 12:03
San Miguel Beermen vs Magnolia Hotshots,17/06/2022 18:00,Asian Handicap - Match,Magnolia Hotshots +5.5,1.85,17/06/2022 12:03
San Miguel Beermen vs Magnolia Hotshots,17/06/2022 18:00,Over / Under - Match,Over 181.5,1.88,17/06/2022 12:03
San Miguel Beermen vs Magnolia Hotshots,17/06/2022 18:00,Over / Under - Match,Under 181.5,1.96,17/06/2022 12:03
San Miguel Beermen vs Magnolia Hotshots,17/06/2022 18:00,Odd/Even Total Points - Match,Even,1.95,17/06/2022 12:03
San Miguel Beermen vs Magnolia Hotshots,17/06/2022 18:00,Odd/Even Total Points - Match,Odd,1.94,17/06/2022 12:03
San Miguel Beermen vs Magnolia Hotshots,17/06/2022 18:00,Winning Margin - Match,SAN MIGUEL BEERMEN by 1-5,4.5,17/06/2022 12:03
San Miguel Beermen vs Magnolia Hotshots,17/06/2022 18:00,Winning Margin - Match,SAN MIG COFFEE MIXERS by 1-5,5.8,17/06/2022 12:03
San Miguel Beermen vs Magnolia Hotshots,17/06/2022 18:00,Winning Margin - Match,SAN MIGUEL BEERMEN by 6-10,3.95,17/06/2022 12:03
San Miguel Beermen vs Magnolia Hotshots,17/06/2022 18:00,Winning Margin - Match,SAN MIG COFFEE MIXERS by 6-10,7,17/06/2022 12:03
San Miguel Beermen vs Magnolia Hotshots,17/06/2022 18:00,Winning Margin - Match,SAN MIGUEL BEERMEN by 11-15,6.6,17/06/2022 12:03
San Miguel Beermen vs Magnolia Hotshots,17/06/2022 18:00,Winning Margin - Match,SAN MIG COFFEE MIXERS by 11-15,12,17/06/2022 12:03
San Miguel Beermen vs Magnolia Hotshots,17/06/2022 18:00,Winning Margin - Match,SAN MIGUEL BEERMEN by 16-20,8.6,17/06/2022 12:03
San Miguel Beermen vs Magnolia Hotshots,17/06/2022 18:00,Winning Margin - Match,SAN MIG COFFEE MIXERS by 16-20,21,17/06/2022 12:03
San Miguel Beermen vs Magnolia Hotshots,17/06/2022 18:00,Winning Margin - Match,SAN MIGUEL BEERMEN by 21-25,14,17/06/2022 12:03
San Miguel Beermen vs Magnolia Hotshots,17/06/2022 18:00,Winning Margin - Match,SAN MIG COFFEE MIXERS by 21-25,45,17/06/2022 12:03
San Miguel Beermen vs Magnolia Hotshots,17/06/2022 18:00,Winning Margin - Match,SAN MIGUEL BEERMEN by 26+,17,17/06/2022 12:03
San Miguel Beermen vs Magnolia Hotshots,17/06/2022 18:00,Winning Margin - Match,SAN MIG COFFEE MIXERS by 26+,80,17/06/2022 12:03
Terrafirma Dyip vs Phoenix Fuel Masters,17/06/2022 15:00,Head to Head - Match,Terrafirma Dyip,3.5,17/06/2022 13:21
Terrafirma Dyip vs Phoenix Fuel Masters,17/06/2022 15:00,Head to Head - Match,Phoenix Fuel Masters,1.32,17/06/2022 13:21
Terrafirma Dyip vs Phoenix Fuel Masters,17/06/2022 15:00,Asian Handicap - Match,Terrafirma Dyip +6.5,2.08,17/06/2022 13:21
Terrafirma Dyip vs Phoenix Fuel Masters,17/06/2022 15:00,Asian Handicap - Match,Phoenix Fuel Masters -6.5,1.79,17/06/2022 13:21
Terrafirma Dyip vs Phoenix Fuel Masters,17/06/2022 15:00,Over / Under - Match,Over 197.5,1.93,17/06/2022 13:21
Terrafirma Dyip vs Phoenix Fuel Masters,17/06/2022 15:00,Over / Under - Match,Under 197.5,1.91,17/06/2022 13:21
Terrafirma Dyip vs Phoenix Fuel Masters,17/06/2022 15:00,Odd/Even Total Points - Match,Even,1.95,17/06/2022 13:21
Terrafirma Dyip vs Phoenix Fuel Masters,17/06/2022 15:00,Odd/Even Total Points - Match,Odd,1.94,17/06/2022 13:21
Terrafirma Dyip vs Phoenix Fuel Masters,17/06/2022 15:00,Winning Margin - Match,MAHINDRA ENFORCERS by 1-5,7,17/06/2022 13:21
Terrafirma Dyip vs Phoenix Fuel Masters,17/06/2022 15:00,Winning Margin - Match,Phoenix Fuel Masters by 1-5,4.5,17/06/2022 13:21
Terrafirma Dyip vs Phoenix Fuel Masters,17/06/2022 15:00,Winning Margin - Match,MAHINDRA ENFORCERS by 6-10,9.2,17/06/2022 13:21
Terrafirma Dyip vs Phoenix Fuel Masters,17/06/2022 15:00,Winning Margin - Match,Phoenix Fuel Masters by 6-10,3.55,17/06/2022 13:21
Terrafirma Dyip vs Phoenix Fuel Masters,17/06/2022 15:00,Winning Margin - Match,MAHINDRA ENFORCERS by 11-15,17,17/06/2022 13:21
Terrafirma Dyip vs Phoenix Fuel Masters,17/06/2022 15:00,Winning Margin - Match,Phoenix Fuel Masters by 11-15,6,17/06/2022 13:21
Terrafirma Dyip vs Phoenix Fuel Masters,17/06/2022 15:00,Winning Margin - Match,MAHINDRA ENFORCERS by 16-20,30,17/06/2022 13:21
Terrafirma Dyip vs Phoenix Fuel Masters,17/06/2022 15:00,Winning Margin - Match,Phoenix Fuel Masters by 16-20,7.2,17/06/2022 13:21
Terrafirma Dyip vs Phoenix Fuel Masters,17/06/2022 15:00,Winning Margin - Match,MAHINDRA ENFORCERS by 21-25,80,17/06/2022 13:21
Terrafirma Dyip vs Phoenix Fuel Masters,17/06/2022 15:00,Winning Margin - Match,Phoenix Fuel Masters by 21-25,11,17/06/2022 13:21
Terrafirma Dyip vs Phoenix Fuel Masters,17/06/2022 15:00,Winning Margin - Match,MAHINDRA ENFORCERS by 26+,101,17/06/2022 13:21
Terrafirma Dyip vs Phoenix Fuel Masters,17/06/2022 15:00,Winning Margin - Match,Phoenix Fuel Masters by 26+,12,17/06/2022 13:21
San Miguel Beermen vs Magnolia Hotshots,17/06/2022 18:00,Head to Head - Match,San Miguel Beermen,1.47,17/06/2022 13:21
San Miguel Beermen vs Magnolia Hotshots,17/06/2022 18:00,Head to Head - Match,Magnolia Hotshots,2.8,17/06/2022 13:21
San Miguel Beermen vs Magnolia Hotshots,17/06/2022 18:00,Asian Handicap - Match,San Miguel Beermen -4.5,1.8,17/06/2022 13:21
San Miguel Beermen vs Magnolia Hotshots,17/06/2022 18:00,Asian Handicap - Match,Magnolia Hotshots +4.5,2.06,17/06/2022 13:21
San Miguel Beermen vs Magnolia Hotshots,17/06/2022 18:00,Over / Under - Match,Over 181.5,1.88,17/06/2022 13:21
San Miguel Beermen vs Magnolia Hotshots,17/06/2022 18:00,Over / Under - Match,Under 181.5,1.96,17/06/2022 13:21
San Miguel Beermen vs Magnolia Hotshots,17/06/2022 18:00,Odd/Even Total Points - Match,Even,1.94,17/06/2022 13:21
San Miguel Beermen vs Magnolia Hotshots,17/06/2022 18:00,Odd/Even Total Points - Match,Odd,1.94,17/06/2022 13:21
San Miguel Beermen vs Magnolia Hotshots,17/06/2022 18:00,Winning Margin - Match,SAN MIGUEL BEERMEN by 1-5,4.5,17/06/2022 13:21
San Miguel Beermen vs Magnolia Hotshots,17/06/2022 18:00,Winning Margin - Match,SAN MIG COFFEE MIXERS by 1-5,5.8,17/06/2022 13:21
San Miguel Beermen vs Magnolia Hotshots,17/06/2022 18:00,Winning Margin - Match,SAN MIGUEL BEERMEN by 6-10,4,17/06/2022 13:21
San Miguel Beermen vs Magnolia Hotshots,17/06/2022 18:00,Winning Margin - Match,SAN MIG COFFEE MIXERS by 6-10,6.8,17/06/2022 13:21
San Miguel Beermen vs Magnolia Hotshots,17/06/2022 18:00,Winning Margin - Match,SAN MIGUEL BEERMEN by 11-15,6.8,17/06/2022 13:21
San Miguel Beermen vs Magnolia Hotshots,17/06/2022 18:00,Winning Margin - Match,SAN MIG COFFEE MIXERS by 11-15,12,17/06/2022 13:21
San Miguel Beermen vs Magnolia Hotshots,17/06/2022 18:00,Winning Margin - Match,SAN MIGUEL BEERMEN by 16-20,8.8,17/06/2022 13:21
San Miguel Beermen vs Magnolia Hotshots,17/06/2022 18:00,Winning Margin - Match,SAN MIG COFFEE MIXERS by 16-20,20,17/06/2022 13:21
San Miguel Beermen vs Magnolia Hotshots,17/06/2022 18:00,Winning Margin - Match,SAN MIGUEL BEERMEN by 21-25,15,17/06/2022 13:21
San Miguel Beermen vs Magnolia Hotshots,17/06/2022 18:00,Winning Margin - Match,SAN MIG COFFEE MIXERS by 21-25,45,17/06/2022 13:21
San Miguel Beermen vs Magnolia Hotshots,17/06/2022 18:00,Winning Margin - Match,SAN MIGUEL BEERMEN by 26+,18,17/06/2022 13:21
San Miguel Beermen vs Magnolia Hotshots,17/06/2022 18:00,Winning Margin - Match,SAN MIG COFFEE MIXERS by 26+,70,17/06/2022 13:21
Terrafirma Dyip vs Phoenix Fuel Masters,17/06/2022 15:00,Head to Head - Match,Terrafirma Dyip,3.5,17/06/2022 13:58
Terrafirma Dyip vs Phoenix Fuel Masters,17/06/2022 15:00,Head to Head - Match,Phoenix Fuel Masters,1.32,17/06/2022 13:58
Terrafirma Dyip vs Phoenix Fuel Masters,17/06/2022 15:00,Asian Handicap - Match,Terrafirma Dyip +6.5,2.02,17/06/2022 13:58
Terrafirma Dyip vs Phoenix Fuel Masters,17/06/2022 15:00,Asian Handicap - Match,Phoenix Fuel Masters -6.5,1.84,17/06/2022 13:58
Terrafirma Dyip vs Phoenix Fuel Masters,17/06/2022 15:00,Over / Under - Match,Over 197.5,1.96,17/06/2022 13:58
Terrafirma Dyip vs Phoenix Fuel Masters,17/06/2022 15:00,Over / Under - Match,Under 197.5,1.88,17/06/2022 13:58
Terrafirma Dyip vs Phoenix Fuel Masters,17/06/2022 15:00,Odd/Even Total Points - Match,Even,1.95,17/06/2022 13:58
Terrafirma Dyip vs Phoenix Fuel Masters,17/06/2022 15:00,Odd/Even Total Points - Match,Odd,1.94,17/06/2022 13:58
Terrafirma Dyip vs Phoenix Fuel Masters,17/06/2022 15:00,Winning Margin - Match,MAHINDRA ENFORCERS by 1-5,7,17/06/2022 13:58
Terrafirma Dyip vs Phoenix Fuel Masters,17/06/2022 15:00,Winning Margin - Match,Phoenix Fuel Masters by 1-5,4.5,17/06/2022 13:58
Terrafirma Dyip vs Phoenix Fuel Masters,17/06/2022 15:00,Winning Margin - Match,MAHINDRA ENFORCERS by 6-10,9.2,17/06/2022 13:58
Terrafirma Dyip vs Phoenix Fuel Masters,17/06/2022 15:00,Winning Margin - Match,Phoenix Fuel Masters by 6-10,3.55,17/06/2022 13:58
Terrafirma Dyip vs Phoenix Fuel Masters,17/06/2022 15:00,Winning Margin - Match,MAHINDRA ENFORCERS by 11-15,17,17/06/2022 13:58
Terrafirma Dyip vs Phoenix Fuel Masters,17/06/2022 15:00,Winning Margin - Match,Phoenix Fuel Masters by 11-15,6,17/06/2022 13:58
Terrafirma Dyip vs Phoenix Fuel Masters,17/06/2022 15:00,Winning Margin - Match,MAHINDRA ENFORCERS by 16-20,30,17/06/2022 13:58
Terrafirma Dyip vs Phoenix Fuel Masters,17/06/2022 15:00,Winning Margin - Match,Phoenix Fuel Masters by 16-20,7.2,17/06/2022 13:58
Terrafirma Dyip vs Phoenix Fuel Masters,17/06/2022 15:00,Winning Margin - Match,MAHINDRA ENFORCERS by 21-25,80,17/06/2022 13:58
Terrafirma Dyip vs Phoenix Fuel Masters,17/06/2022 15:00,Winning Margin - Match,Phoenix Fuel Masters by 21-25,11,17/06/2022 13:58
Terrafirma Dyip vs Phoenix Fuel Masters,17/06/2022 15:00,Winning Margin - Match,MAHINDRA ENFORCERS by 26+,101,17/06/2022 13:58
Terrafirma Dyip vs Phoenix Fuel Masters,17/06/2022 15:00,Winning Margin - Match,Phoenix Fuel Masters by 26+,12,17/06/2022 13:58
San Miguel Beermen vs Magnolia Hotshots,17/06/2022 18:00,Head to Head - Match,San Miguel Beermen,1.47,17/06/2022 13:58
San Miguel Beermen vs Magnolia Hotshots,17/06/2022 18:00,Head to Head - Match,Magnolia Hotshots,2.8,17/06/2022 13:58
San Miguel Beermen vs Magnolia Hotshots,17/06/2022 18:00,Asian Handicap - Match,San Miguel Beermen -4.5,1.77,17/06/2022 13:58
San Miguel Beermen vs Magnolia Hotshots,17/06/2022 18:00,Asian Handicap - Match,Magnolia Hotshots +4.5,2.11,17/06/2022 13:58
San Miguel Beermen vs Magnolia Hotshots,17/06/2022 18:00,Over / Under - Match,Over 181.5,1.88,17/06/2022 13:58
San Miguel Beermen vs Magnolia Hotshots,17/06/2022 18:00,Over / Under - Match,Under 181.5,1.96,17/06/2022 13:58
San Miguel Beermen vs Magnolia Hotshots,17/06/2022 18:00,Odd/Even Total Points - Match,Even,1.94,17/06/2022 13:58
San Miguel Beermen vs Magnolia Hotshots,17/06/2022 18:00,Odd/Even Total Points - Match,Odd,1.94,17/06/2022 13:58
San Miguel Beermen vs Magnolia Hotshots,17/06/2022 18:00,Winning Margin - Match,SAN MIGUEL BEERMEN by 1-5,4.5,17/06/2022 13:58
San Miguel Beermen vs Magnolia Hotshots,17/06/2022 18:00,Winning Margin - Match,SAN MIG COFFEE MIXERS by 1-5,5.8,17/06/2022 13:58
San Miguel Beermen vs Magnolia Hotshots,17/06/2022 18:00,Winning Margin - Match,SAN MIGUEL BEERMEN by 6-10,4,17/06/2022 13:58
San Miguel Beermen vs Magnolia Hotshots,17/06/2022 18:00,Winning Margin - Match,SAN MIG COFFEE MIXERS by 6-10,6.8,17/06/2022 13:58
San Miguel Beermen vs Magnolia Hotshots,17/06/2022 18:00,Winning Margin - Match,SAN MIGUEL BEERMEN by 11-15,6.8,17/06/2022 13:58
San Miguel Beermen vs Magnolia Hotshots,17/06/2022 18:00,Winning Margin - Match,SAN MIG COFFEE MIXERS by 11-15,12,17/06/2022 13:58
San Miguel Beermen vs Magnolia Hotshots,17/06/2022 18:00,Winning Margin - Match,SAN MIGUEL BEERMEN by 16-20,8.8,17/06/2022 13:58
San Miguel Beermen vs Magnolia Hotshots,17/06/2022 18:00,Winning Margin - Match,SAN MIG COFFEE MIXERS by 16-20,20,17/06/2022 13:58
San Miguel Beermen vs Magnolia Hotshots,17/06/2022 18:00,Winning Margin - Match,SAN MIGUEL BEERMEN by 21-25,15,17/06/2022 13:58
San Miguel Beermen vs Magnolia Hotshots,17/06/2022 18:00,Winning Margin - Match,SAN MIG COFFEE MIXERS by 21-25,45,17/06/2022 13:58
San Miguel Beermen vs Magnolia Hotshots,17/06/2022 18:00,Winning Margin - Match,SAN MIGUEL BEERMEN by 26+,18,17/06/2022 13:58
San Miguel Beermen vs Magnolia Hotshots,17/06/2022 18:00,Winning Margin - Match,SAN MIG COFFEE MIXERS by 26+,70,17/06/2022 13:58
Terrafirma Dyip vs Phoenix Fuel Masters,17/06/2022 15:00,Head to Head - Match,Terrafirma Dyip,3.5,17/06/2022 14:25
Terrafirma Dyip vs Phoenix Fuel Masters,17/06/2022 15:00,Head to Head - Match,Phoenix Fuel Masters,1.32,17/06/2022 14:25
Terrafirma Dyip vs Phoenix Fuel Masters,17/06/2022 15:00,Asian Handicap - Match,Terrafirma Dyip +6.5,2.02,17/06/2022 14:25
Terrafirma Dyip vs Phoenix Fuel Masters,17/06/2022 15:00,Asian Handicap - Match,Phoenix Fuel Masters -6.5,1.84,17/06/2022 14:25
Terrafirma Dyip vs Phoenix Fuel Masters,17/06/2022 15:00,Over / Under - Match,Over 197.5,1.96,17/06/2022 14:25
Terrafirma Dyip vs Phoenix Fuel Masters,17/06/2022 15:00,Over / Under - Match,Under 197.5,1.88,17/06/2022 14:25
Terrafirma Dyip vs Phoenix Fuel Masters,17/06/2022 15:00,Odd/Even Total Points - Match,Even,1.95,17/06/2022 14:25
Terrafirma Dyip vs Phoenix Fuel Masters,17/06/2022 15:00,Odd/Even Total Points - Match,Odd,1.94,17/06/2022 14:25
Terrafirma Dyip vs Phoenix Fuel Masters,17/06/2022 15:00,Winning Margin - Match,MAHINDRA ENFORCERS by 1-5,7,17/06/2022 14:25
Terrafirma Dyip vs Phoenix Fuel Masters,17/06/2022 15:00,Winning Margin - Match,Phoenix Fuel Masters by 1-5,4.5,17/06/2022 14:25
Terrafirma Dyip vs Phoenix Fuel Masters,17/06/2022 15:00,Winning Margin - Match,MAHINDRA ENFORCERS by 6-10,9.2,17/06/2022 14:25
Terrafirma Dyip vs Phoenix Fuel Masters,17/06/2022 15:00,Winning Margin - Match,Phoenix Fuel Masters by 6-10,3.55,17/06/2022 14:25
Terrafirma Dyip vs Phoenix Fuel Masters,17/06/2022 15:00,Winning Margin - Match,MAHINDRA ENFORCERS by 11-15,17,17/06/2022 14:25
Terrafirma Dyip vs Phoenix Fuel Masters,17/06/2022 15:00,Winning Margin - Match,Phoenix Fuel Masters by 11-15,6,17/06/2022 14:25
Terrafirma Dyip vs Phoenix Fuel Masters,17/06/2022 15:00,Winning Margin - Match,MAHINDRA ENFORCERS by 16-20,30,17/06/2022 14:25
Terrafirma Dyip vs Phoenix Fuel Masters,17/06/2022 15:00,Winning Margin - Match,Phoenix Fuel Masters by 16-20,7.2,17/06/2022 14:25
Terrafirma Dyip vs Phoenix Fuel Masters,17/06/2022 15:00,Winning Margin - Match,MAHINDRA ENFORCERS by 21-25,80,17/06/2022 14:25
Terrafirma Dyip vs Phoenix Fuel Masters,17/06/2022 15:00,Winning Margin - Match,Phoenix Fuel Masters by 21-25,11,17/06/2022 14:25
Terrafirma Dyip vs Phoenix Fuel Masters,17/06/2022 15:00,Winning Margin - Match,MAHINDRA ENFORCERS by 26+,101,17/06/2022 14:25
Terrafirma Dyip vs Phoenix Fuel Masters,17/06/2022 15:00,Winning Margin - Match,Phoenix Fuel Masters by 26+,12,17/06/2022 14:25
San Miguel Beermen vs Magnolia Hotshots,17/06/2022 18:00,Asian Handicap - Match,San Miguel Beermen -5.5,1.86,17/06/2022 14:25
San Miguel Beermen vs Magnolia Hotshots,17/06/2022 18:00,Asian Handicap - Match,Magnolia Hotshots +5.5,1.99,17/06/2022 14:25
San Miguel Beermen vs Magnolia Hotshots,17/06/2022 18:00,Over / Under - Match,Over 181.5,1.88,17/06/2022 14:25
San Miguel Beermen vs Magnolia Hotshots,17/06/2022 18:00,Over / Under - Match,Under 181.5,1.96,17/06/2022 14:25
San Miguel Beermen vs Magnolia Hotshots,17/06/2022 18:00,Odd/Even Total Points - Match,Even,1.95,17/06/2022 14:25
San Miguel Beermen vs Magnolia Hotshots,17/06/2022 18:00,Odd/Even Total Points - Match,Odd,1.94,17/06/2022 14:25
San Miguel Beermen vs Magnolia Hotshots,17/06/2022 18:00,Match to go into overtime - Regulation Time,Yes,9,17/06/2022 14:25
San Miguel Beermen vs Magnolia Hotshots,17/06/2022 18:00,Match to go into overtime - Regulation Time,No,1.03,17/06/2022 14:25
San Miguel Beermen vs Magnolia Hotshots,17/06/2022 18:00,Half Time / Full Time - Regulation Time,SAN MIGUEL BEERMEN - SAN MIGUEL BEERMEN,1.75,17/06/2022 14:25
San Miguel Beermen vs Magnolia Hotshots,17/06/2022 18:00,Half Time / Full Time - Regulation Time,Draw - SAN MIGUEL BEERMEN,30,17/06/2022 14:25
San Miguel Beermen vs Magnolia Hotshots,17/06/2022 18:00,Half Time / Full Time - Regulation Time,SAN MIG COFFEE MIXERS - SAN MIGUEL BEERMEN,6,17/06/2022 14:25
San Miguel Beermen vs Magnolia Hotshots,17/06/2022 18:00,Half Time / Full Time - Regulation Time,SAN MIGUEL BEERMEN - Draw,24,17/06/2022 14:25
San Miguel Beermen vs Magnolia Hotshots,17/06/2022 18:00,Half Time / Full Time - Regulation Time,Draw - Draw,101,17/06/2022 14:25
San Miguel Beermen vs Magnolia Hotshots,17/06/2022 18:00,Half Time / Full Time - Regulation Time,SAN MIG COFFEE MIXERS - Draw,24,17/06/2022 14:25
San Miguel Beermen vs Magnolia Hotshots,17/06/2022 18:00,Half Time / Full Time - Regulation Time,SAN MIGUEL BEERMEN - SAN MIG COFFEE MIXERS,9.6,17/06/2022 14:25
San Miguel Beermen vs Magnolia Hotshots,17/06/2022 18:00,Half Time / Full Time - Regulation Time,Draw - SAN MIG COFFEE MIXERS,50,17/06/2022 14:25
San Miguel Beermen vs Magnolia Hotshots,17/06/2022 18:00,Half Time / Full Time - Regulation Time,SAN MIG COFFEE MIXERS - SAN MIG COFFEE MIXERS,3.1,17/06/2022 14:25
Terrafirma Dyip vs Phoenix Fuel Masters,17/06/2022 15:00,Head to Head - Match,Terrafirma Dyip,3.4,17/06/2022 14:48
Terrafirma Dyip vs Phoenix Fuel Masters,17/06/2022 15:00,Head to Head - Match,Phoenix Fuel Masters,1.34,17/06/2022 14:48
Terrafirma Dyip vs Phoenix Fuel Masters,17/06/2022 15:00,Asian Handicap - Match,Terrafirma Dyip +6.5,1.98,17/06/2022 14:48
Terrafirma Dyip vs Phoenix Fuel Masters,17/06/2022 15:00,Asian Handicap - Match,Phoenix Fuel Masters -6.5,1.87,17/06/2022 14:48
Terrafirma Dyip vs Phoenix Fuel Masters,17/06/2022 15:00,Over / Under - Match,Over 196.5,1.92,17/06/2022 14:48
Terrafirma Dyip vs Phoenix Fuel Masters,17/06/2022 15:00,Over / Under - Match,Under 196.5,1.93,17/06/2022 14:48
Terrafirma Dyip vs Phoenix Fuel Masters,17/06/2022 15:00,Odd/Even Total Points - Match,Even,1.95,17/06/2022 14:48
Terrafirma Dyip vs Phoenix Fuel Masters,17/06/2022 15:00,Odd/Even Total Points - Match,Odd,1.94,17/06/2022 14:48
Terrafirma Dyip vs Phoenix Fuel Masters,17/06/2022 15:00,Winning Margin - Match,MAHINDRA ENFORCERS by 1-5,6.8,17/06/2022 14:48
Terrafirma Dyip vs Phoenix Fuel Masters,17/06/2022 15:00,Winning Margin - Match,Phoenix Fuel Masters by 1-5,4.5,17/06/2022 14:48
Terrafirma Dyip vs Phoenix Fuel Masters,17/06/2022 15:00,Winning Margin - Match,MAHINDRA ENFORCERS by 6-10,8.8,17/06/2022 14:48
Terrafirma Dyip vs Phoenix Fuel Masters,17/06/2022 15:00,Winning Margin - Match,Phoenix Fuel Masters by 6-10,3.6,17/06/2022 14:48
Terrafirma Dyip vs Phoenix Fuel Masters,17/06/2022 15:00,Winning Margin - Match,MAHINDRA ENFORCERS by 11-15,16,17/06/2022 14:48
Terrafirma Dyip vs Phoenix Fuel Masters,17/06/2022 15:00,Winning Margin - Match,Phoenix Fuel Masters by 11-15,6,17/06/2022 14:48
Terrafirma Dyip vs Phoenix Fuel Masters,17/06/2022 15:00,Winning Margin - Match,MAHINDRA ENFORCERS by 16-20,30,17/06/2022 14:48
Terrafirma Dyip vs Phoenix Fuel Masters,17/06/2022 15:00,Winning Margin - Match,Phoenix Fuel Masters by 16-20,7.2,17/06/2022 14:48
Terrafirma Dyip vs Phoenix Fuel Masters,17/06/2022 15:00,Winning Margin - Match,MAHINDRA ENFORCERS by 21-25,70,17/06/2022 14:48
Terrafirma Dyip vs Phoenix Fuel Masters,17/06/2022 15:00,Winning Margin - Match,Phoenix Fuel Masters by 21-25,11,17/06/2022 14:48
Terrafirma Dyip vs Phoenix Fuel Masters,17/06/2022 15:00,Winning Margin - Match,MAHINDRA ENFORCERS by 26+,101,17/06/2022 14:48
Terrafirma Dyip vs Phoenix Fuel Masters,17/06/2022 15:00,Winning Margin - Match,Phoenix Fuel Masters by 26+,12,17/06/2022 14:48
San Miguel Beermen vs Magnolia Hotshots,17/06/2022 18:00,Asian Handicap - Match,San Miguel Beermen -5.5,1.86,17/06/2022 14:48
San Miguel Beermen vs Magnolia Hotshots,17/06/2022 18:00,Asian Handicap - Match,Magnolia Hotshots +5.5,1.99,17/06/2022 14:48
San Miguel Beermen vs Magnolia Hotshots,17/06/2022 18:00,Over / Under - Match,Over 181.5,1.88,17/06/2022 14:48
San Miguel Beermen vs Magnolia Hotshots,17/06/2022 18:00,Over / Under - Match,Under 181.5,1.96,17/06/2022 14:48
San Miguel Beermen vs Magnolia Hotshots,17/06/2022 18:00,Odd/Even Total Points - Match,Even,1.95,17/06/2022 14:48
San Miguel Beermen vs Magnolia Hotshots,17/06/2022 18:00,Odd/Even Total Points - Match,Odd,1.94,17/06/2022 14:48
San Miguel Beermen vs Magnolia Hotshots,17/06/2022 18:00,Winning Margin - Match,SAN MIGUEL BEERMEN by 1-5,4.5,17/06/2022 14:48
San Miguel Beermen vs Magnolia Hotshots,17/06/2022 18:00,Winning Margin - Match,SAN MIG COFFEE MIXERS by 1-5,5.8,17/06/2022 14:48
San Miguel Beermen vs Magnolia Hotshots,17/06/2022 18:00,Winning Margin - Match,SAN MIGUEL BEERMEN by 6-10,3.95,17/06/2022 14:48
San Miguel Beermen vs Magnolia Hotshots,17/06/2022 18:00,Winning Margin - Match,SAN MIG COFFEE MIXERS by 6-10,6.8,17/06/2022 14:48
San Miguel Beermen vs Magnolia Hotshots,17/06/2022 18:00,Winning Margin - Match,SAN MIGUEL BEERMEN by 11-15,6.6,17/06/2022 14:48
San Miguel Beermen vs Magnolia Hotshots,17/06/2022 18:00,Winning Margin - Match,SAN MIG COFFEE MIXERS by 11-15,12,17/06/2022 14:48
San Miguel Beermen vs Magnolia Hotshots,17/06/2022 18:00,Winning Margin - Match,SAN MIGUEL BEERMEN by 16-20,8.6,17/06/2022 14:48
San Miguel Beermen vs Magnolia Hotshots,17/06/2022 18:00,Winning Margin - Match,SAN MIG COFFEE MIXERS by 16-20,21,17/06/2022 14:48
San Miguel Beermen vs Magnolia Hotshots,17/06/2022 18:00,Winning Margin - Match,SAN MIGUEL BEERMEN by 21-25,15,17/06/2022 14:48
San Miguel Beermen vs Magnolia Hotshots,17/06/2022 18:00,Winning Margin - Match,SAN MIG COFFEE MIXERS by 21-25,45,17/06/2022 14:48
San Miguel Beermen vs Magnolia Hotshots,17/06/2022 18:00,Winning Margin - Match,SAN MIGUEL BEERMEN by 26+,17,17/06/2022 14:48
San Miguel Beermen vs Magnolia Hotshots,17/06/2022 18:00,Winning Margin - Match,SAN MIG COFFEE MIXERS by 26+,80,17/06/2022 14:48
San Miguel Beermen vs Magnolia Hotshots,17/06/2022 18:00,Match to go into overtime - Regulation Time,Yes,9,17/06/2022 14:48
San Miguel Beermen vs Magnolia Hotshots,17/06/2022 18:00,Match to go into overtime - Regulation Time,No,1.03,17/06/2022 14:48
San Miguel Beermen vs Magnolia Hotshots,17/06/2022 18:00,Odd/Even Total Points - Match,Even,1.95,17/07/2022 18:01
San Miguel Beermen vs Magnolia Hotshots,17/06/2022 18:00,Odd/Even Total Points - Match,Odd,1.93,17/07/2022 18:01
San Miguel Beermen vs Magnolia Hotshots,17/06/2022 18:00,Over / Under - 1st Half,Over 87.5,1.94,17/07/2022 18:01
San Miguel Beermen vs Magnolia Hotshots,17/06/2022 18:00,Over / Under - 1st Half,Under 87.5,1.84,17/07/2022 18:01
San Miguel Beermen vs Magnolia Hotshots,17/06/2022 18:00,Odd/Even Total Points - 1st Half,Even,1.94,17/07/2022 18:01
San Miguel Beermen vs Magnolia Hotshots,17/06/2022 18:00,Odd/Even Total Points - 1st Half,Odd,1.94,17/07/2022 18:01
San Miguel Beermen vs Magnolia Hotshots,17/06/2022 18:00,Over / Under - 1st Quarter,Over 44.5,1.98,17/07/2022 18:01
San Miguel Beermen vs Magnolia Hotshots,17/06/2022 18:00,Over / Under - 1st Quarter,Under 44.5,1.8,17/07/2022 18:01
San Miguel Beermen vs Magnolia Hotshots,17/06/2022 18:00,Odd/Even Total Points - 1st Quarter,Even,1.94,17/07/2022 18:01
San Miguel Beermen vs Magnolia Hotshots,17/06/2022 18:00,Odd/Even Total Points - 1st Quarter,Odd,1.94,17/07/2022 18:01
San Miguel Beermen vs Magnolia Hotshots,17/06/2022 18:00,Odd/Even Total Points - Match,Even,1.95,17/07/2022 18:01
San Miguel Beermen vs Magnolia Hotshots,17/06/2022 18:00,Odd/Even Total Points - Match,Odd,1.93,17/07/2022 18:01
San Miguel Beermen vs Magnolia Hotshots,17/06/2022 18:00,Over / Under - 1st Half,Over 87.5,1.94,17/07/2022 18:01
San Miguel Beermen vs Magnolia Hotshots,17/06/2022 18:00,Over / Under - 1st Half,Under 87.5,1.84,17/07/2022 18:01
San Miguel Beermen vs Magnolia Hotshots,17/06/2022 18:00,Odd/Even Total Points - 1st Half,Even,1.94,17/07/2022 18:01
San Miguel Beermen vs Magnolia Hotshots,17/06/2022 18:00,Odd/Even Total Points - 1st Half,Odd,1.94,17/07/2022 18:01
San Miguel Beermen vs Magnolia Hotshots,17/06/2022 18:00,Over / Under - 1st Quarter,Over 44.5,1.98,17/07/2022 18:01
San Miguel Beermen vs Magnolia Hotshots,17/06/2022 18:00,Over / Under - 1st Quarter,Under 44.5,1.8,17/07/2022 18:01
San Miguel Beermen vs Magnolia Hotshots,17/06/2022 18:00,Odd/Even Total Points - 1st Quarter,Even,1.94,17/07/2022 18:01
San Miguel Beermen vs Magnolia Hotshots,17/06/2022 18:00,Odd/Even Total Points - 1st Quarter,Odd,1.94,17/07/2022 18:01
NorthPort Batang Pier vs Blackwater Bossing,18/06/2022 17:15,Head to Head - Match,NorthPort Batang Pier,1.42,18/06/2022 6:26
NorthPort Batang Pier vs Blackwater Bossing,18/06/2022 17:15,Head to Head - Match,Blackwater Bossing,2.96,18/06/2022 6:26
NorthPort Batang Pier vs Blackwater Bossing,18/06/2022 17:15,Asian Handicap - Match,NorthPort Batang Pier -5.5,1.9,18/06/2022 6:26
NorthPort Batang Pier vs Blackwater Bossing,18/06/2022 17:15,Asian Handicap - Match,Blackwater Bossing +5.5,1.94,18/06/2022 6:26
NorthPort Batang Pier vs Blackwater Bossing,18/06/2022 17:15,Over / Under - Match,Over 176.5,1.92,18/06/2022 6:26
NorthPort Batang Pier vs Blackwater Bossing,18/06/2022 17:15,Over / Under - Match,Under 176.5,1.92,18/06/2022 6:26
NorthPort Batang Pier vs Blackwater Bossing,18/06/2022 17:15,Odd/Even Total Points - Match,Even,2.04,18/06/2022 6:26
NorthPort Batang Pier vs Blackwater Bossing,18/06/2022 17:15,Odd/Even Total Points - Match,Odd,1.85,18/06/2022 6:26
NorthPort Batang Pier vs Blackwater Bossing,18/06/2022 17:15,Winning Margin - Match,GLOBALPORT BATANG PIER by 1-5,4.5,18/06/2022 6:26
NorthPort Batang Pier vs Blackwater Bossing,18/06/2022 17:15,Winning Margin - Match,Blackwater Elite by 1-5,6,18/06/2022 6:26
NorthPort Batang Pier vs Blackwater Bossing,18/06/2022 17:15,Winning Margin - Match,GLOBALPORT BATANG PIER by 6-10,3.85,18/06/2022 6:26
NorthPort Batang Pier vs Blackwater Bossing,18/06/2022 17:15,Winning Margin - Match,Blackwater Elite by 6-10,7.4,18/06/2022 6:26
NorthPort Batang Pier vs Blackwater Bossing,18/06/2022 17:15,Winning Margin - Match,GLOBALPORT BATANG PIER by 11-15,6.4,18/06/2022 6:26
NorthPort Batang Pier vs Blackwater Bossing,18/06/2022 17:15,Winning Margin - Match,Blackwater Elite by 11-15,13,18/06/2022 6:26
NorthPort Batang Pier vs Blackwater Bossing,18/06/2022 17:15,Winning Margin - Match,GLOBALPORT BATANG PIER by 16-20,8.2,18/06/2022 6:26
NorthPort Batang Pier vs Blackwater Bossing,18/06/2022 17:15,Winning Margin - Match,Blackwater Elite by 16-20,23,18/06/2022 6:26
NorthPort Batang Pier vs Blackwater Bossing,18/06/2022 17:15,Winning Margin - Match,GLOBALPORT BATANG PIER by 21-25,14,18/06/2022 6:26
NorthPort Batang Pier vs Blackwater Bossing,18/06/2022 17:15,Winning Margin - Match,Blackwater Elite by 21-25,50,18/06/2022 6:26
NorthPort Batang Pier vs Blackwater Bossing,18/06/2022 17:15,Winning Margin - Match,GLOBALPORT BATANG PIER by 26+,16,18/06/2022 6:26
NorthPort Batang Pier vs Blackwater Bossing,18/06/2022 17:15,Winning Margin - Match,Blackwater Elite by 26+,90,18/06/2022 6:26
Meralco Bolts vs Talk N Text Tropang,18/06/2022 19:15,Head to Head - Match,Meralco Bolts,1.66,18/06/2022 6:26
Meralco Bolts vs Talk N Text Tropang,18/06/2022 19:15,Head to Head - Match,Talk N Text Tropang,2.29,18/06/2022 6:26
Meralco Bolts vs Talk N Text Tropang,18/06/2022 19:15,Asian Handicap - Match,Meralco Bolts -3.5,2,18/06/2022 6:26
Meralco Bolts vs Talk N Text Tropang,18/06/2022 19:15,Asian Handicap - Match,Talk N Text Tropang +3.5,1.86,18/06/2022 6:26
Meralco Bolts vs Talk N Text Tropang,18/06/2022 19:15,Over / Under - Match,Over 171.5,1.94,18/06/2022 6:26
Meralco Bolts vs Talk N Text Tropang,18/06/2022 19:15,Over / Under - Match,Under 171.5,1.91,18/06/2022 6:26
Meralco Bolts vs Talk N Text Tropang,18/06/2022 19:15,Odd/Even Total Points - Match,Even,2.02,18/06/2022 6:26
Meralco Bolts vs Talk N Text Tropang,18/06/2022 19:15,Odd/Even Total Points - Match,Odd,1.87,18/06/2022 6:26
Meralco Bolts vs Talk N Text Tropang,18/06/2022 19:15,Winning Margin - Match,MERALCO BOLTS by 1-5,4.6,18/06/2022 6:26
Meralco Bolts vs Talk N Text Tropang,18/06/2022 19:15,Winning Margin - Match,TALK N TEXT TROPANG TEXTERS by 1-5,5.4,18/06/2022 6:26
Meralco Bolts vs Talk N Text Tropang,18/06/2022 19:15,Winning Margin - Match,MERALCO BOLTS by 6-10,4.3,18/06/2022 6:26
Meralco Bolts vs Talk N Text Tropang,18/06/2022 19:15,Winning Margin - Match,TALK N TEXT TROPANG TEXTERS by 6-10,6,18/06/2022 6:26
Meralco Bolts vs Talk N Text Tropang,18/06/2022 19:15,Winning Margin - Match,MERALCO BOLTS by 11-15,7.2,18/06/2022 6:26
Meralco Bolts vs Talk N Text Tropang,18/06/2022 19:15,Winning Margin - Match,TALK N TEXT TROPANG TEXTERS by 11-15,10,18/06/2022 6:26
Meralco Bolts vs Talk N Text Tropang,18/06/2022 19:15,Winning Margin - Match,MERALCO BOLTS by 16-20,9.8,18/06/2022 6:26
Meralco Bolts vs Talk N Text Tropang,18/06/2022 19:15,Winning Margin - Match,TALK N TEXT TROPANG TEXTERS by 16-20,17,18/06/2022 6:26
Meralco Bolts vs Talk N Text Tropang,18/06/2022 19:15,Winning Margin - Match,MERALCO BOLTS by 21-25,17,18/06/2022 6:26
Meralco Bolts vs Talk N Text Tropang,18/06/2022 19:15,Winning Margin - Match,TALK N TEXT TROPANG TEXTERS by 21-25,35,18/06/2022 6:26
Meralco Bolts vs Talk N Text Tropang,18/06/2022 19:15,Winning Margin - Match,MERALCO BOLTS by 26+,22,18/06/2022 6:26
Meralco Bolts vs Talk N Text Tropang,18/06/2022 19:15,Winning Margin - Match,TALK N TEXT TROPANG TEXTERS by 26+,50,18/06/2022 6:26
NorthPort Batang Pier vs Blackwater Bossing,18/06/2022 17:15,Head to Head - Match,NorthPort Batang Pier,1.42,18/06/2022 7:33
NorthPort Batang Pier vs Blackwater Bossing,18/06/2022 17:15,Head to Head - Match,Blackwater Bossing,2.96,18/06/2022 7:33
NorthPort Batang Pier vs Blackwater Bossing,18/06/2022 17:15,Asian Handicap - Match,NorthPort Batang Pier -5.5,1.9,18/06/2022 7:33
NorthPort Batang Pier vs Blackwater Bossing,18/06/2022 17:15,Asian Handicap - Match,Blackwater Bossing +5.5,1.94,18/06/2022 7:33
NorthPort Batang Pier vs Blackwater Bossing,18/06/2022 17:15,Over / Under - Match,Over 176.5,1.92,18/06/2022 7:33
NorthPort Batang Pier vs Blackwater Bossing,18/06/2022 17:15,Over / Under - Match,Under 176.5,1.92,18/06/2022 7:33
NorthPort Batang Pier vs Blackwater Bossing,18/06/2022 17:15,Odd/Even Total Points - Match,Even,2.04,18/06/2022 7:33
NorthPort Batang Pier vs Blackwater Bossing,18/06/2022 17:15,Odd/Even Total Points - Match,Odd,1.85,18/06/2022 7:33
NorthPort Batang Pier vs Blackwater Bossing,18/06/2022 17:15,Winning Margin - Match,GLOBALPORT BATANG PIER by 1-5,4.5,18/06/2022 7:33
NorthPort Batang Pier vs Blackwater Bossing,18/06/2022 17:15,Winning Margin - Match,Blackwater Elite by 1-5,6,18/06/2022 7:33
NorthPort Batang Pier vs Blackwater Bossing,18/06/2022 17:15,Winning Margin - Match,GLOBALPORT BATANG PIER by 6-10,3.85,18/06/2022 7:33
NorthPort Batang Pier vs Blackwater Bossing,18/06/2022 17:15,Winning Margin - Match,Blackwater Elite by 6-10,7.4,18/06/2022 7:33
NorthPort Batang Pier vs Blackwater Bossing,18/06/2022 17:15,Winning Margin - Match,GLOBALPORT BATANG PIER by 11-15,6.4,18/06/2022 7:33
NorthPort Batang Pier vs Blackwater Bossing,18/06/2022 17:15,Winning Margin - Match,Blackwater Elite by 11-15,13,18/06/2022 7:33
NorthPort Batang Pier vs Blackwater Bossing,18/06/2022 17:15,Winning Margin - Match,GLOBALPORT BATANG PIER by 16-20,8.2,18/06/2022 7:33
NorthPort Batang Pier vs Blackwater Bossing,18/06/2022 17:15,Winning Margin - Match,Blackwater Elite by 16-20,23,18/06/2022 7:33
NorthPort Batang Pier vs Blackwater Bossing,18/06/2022 17:15,Winning Margin - Match,GLOBALPORT BATANG PIER by 21-25,14,18/06/2022 7:33
NorthPort Batang Pier vs Blackwater Bossing,18/06/2022 17:15,Winning Margin - Match,Blackwater Elite by 21-25,50,18/06/2022 7:33
NorthPort Batang Pier vs Blackwater Bossing,18/06/2022 17:15,Winning Margin - Match,GLOBALPORT BATANG PIER by 26+,16,18/06/2022 7:33
NorthPort Batang Pier vs Blackwater Bossing,18/06/2022 17:15,Winning Margin - Match,Blackwater Elite by 26+,90,18/06/2022 7:33
Meralco Bolts vs Talk N Text Tropang,18/06/2022 19:15,Head to Head - Match,Meralco Bolts,1.67,18/06/2022 7:33
Meralco Bolts vs Talk N Text Tropang,18/06/2022 19:15,Head to Head - Match,Talk N Text Tropang,2.26,18/06/2022 7:33
Meralco Bolts vs Talk N Text Tropang,18/06/2022 19:15,Asian Handicap - Match,Meralco Bolts -3.5,2.01,18/06/2022 7:33
Meralco Bolts vs Talk N Text Tropang,18/06/2022 19:15,Asian Handicap - Match,Talk N Text Tropang +3.5,1.84,18/06/2022 7:33
Meralco Bolts vs Talk N Text Tropang,18/06/2022 19:15,Over / Under - Match,Over 171.5,1.94,18/06/2022 7:33
Meralco Bolts vs Talk N Text Tropang,18/06/2022 19:15,Over / Under - Match,Under 171.5,1.91,18/06/2022 7:33
Meralco Bolts vs Talk N Text Tropang,18/06/2022 19:15,Odd/Even Total Points - Match,Even,2.02,18/06/2022 7:33
Meralco Bolts vs Talk N Text Tropang,18/06/2022 19:15,Odd/Even Total Points - Match,Odd,1.87,18/06/2022 7:33
Meralco Bolts vs Talk N Text Tropang,18/06/2022 19:15,Winning Margin - Match,MERALCO BOLTS by 1-5,4.6,18/06/2022 7:33
Meralco Bolts vs Talk N Text Tropang,18/06/2022 19:15,Winning Margin - Match,TALK N TEXT TROPANG TEXTERS by 1-5,5.4,18/06/2022 7:33
Meralco Bolts vs Talk N Text Tropang,18/06/2022 19:15,Winning Margin - Match,MERALCO BOLTS by 6-10,4.3,18/06/2022 7:33
Meralco Bolts vs Talk N Text Tropang,18/06/2022 19:15,Winning Margin - Match,TALK N TEXT TROPANG TEXTERS by 6-10,6,18/06/2022 7:33
Meralco Bolts vs Talk N Text Tropang,18/06/2022 19:15,Winning Margin - Match,MERALCO BOLTS by 11-15,7.2,18/06/2022 7:33
Meralco Bolts vs Talk N Text Tropang,18/06/2022 19:15,Winning Margin - Match,TALK N TEXT TROPANG TEXTERS by 11-15,10,18/06/2022 7:33
Meralco Bolts vs Talk N Text Tropang,18/06/2022 19:15,Winning Margin - Match,MERALCO BOLTS by 16-20,10,18/06/2022 7:33
Meralco Bolts vs Talk N Text Tropang,18/06/2022 19:15,Winning Margin - Match,TALK N TEXT TROPANG TEXTERS by 16-20,16,18/06/2022 7:33
Meralco Bolts vs Talk N Text Tropang,18/06/2022 19:15,Winning Margin - Match,MERALCO BOLTS by 21-25,17,18/06/2022 7:33
Meralco Bolts vs Talk N Text Tropang,18/06/2022 19:15,Winning Margin - Match,TALK N TEXT TROPANG TEXTERS by 21-25,35,18/06/2022 7:33
Meralco Bolts vs Talk N Text Tropang,18/06/2022 19:15,Winning Margin - Match,MERALCO BOLTS by 26+,22,18/06/2022 7:33
Meralco Bolts vs Talk N Text Tropang,18/06/2022 19:15,Winning Margin - Match,TALK N TEXT TROPANG TEXTERS by 26+,50,18/06/2022 7:33
NorthPort Batang Pier vs Blackwater Bossing,18/06/2022 17:15,Head to Head - Match,NorthPort Batang Pier,1.42,18/06/2022 8:52
NorthPort Batang Pier vs Blackwater Bossing,18/06/2022 17:15,Head to Head - Match,Blackwater Bossing,2.96,18/06/2022 8:52
NorthPort Batang Pier vs Blackwater Bossing,18/06/2022 17:15,Asian Handicap - Match,NorthPort Batang Pier -5.5,1.9,18/06/2022 8:52
NorthPort Batang Pier vs Blackwater Bossing,18/06/2022 17:15,Asian Handicap - Match,Blackwater Bossing +5.5,1.94,18/06/2022 8:52
NorthPort Batang Pier vs Blackwater Bossing,18/06/2022 17:15,Over / Under - Match,Over 176.5,1.92,18/06/2022 8:52
NorthPort Batang Pier vs Blackwater Bossing,18/06/2022 17:15,Over / Under - Match,Under 176.5,1.92,18/06/2022 8:52
NorthPort Batang Pier vs Blackwater Bossing,18/06/2022 17:15,Odd/Even Total Points - Match,Even,2.04,18/06/2022 8:52
NorthPort Batang Pier vs Blackwater Bossing,18/06/2022 17:15,Odd/Even Total Points - Match,Odd,1.85,18/06/2022 8:52
NorthPort Batang Pier vs Blackwater Bossing,18/06/2022 17:15,Winning Margin - Match,GLOBALPORT BATANG PIER by 1-5,4.5,18/06/2022 8:52
NorthPort Batang Pier vs Blackwater Bossing,18/06/2022 17:15,Winning Margin - Match,Blackwater Elite by 1-5,6,18/06/2022 8:52
NorthPort Batang Pier vs Blackwater Bossing,18/06/2022 17:15,Winning Margin - Match,GLOBALPORT BATANG PIER by 6-10,3.85,18/06/2022 8:52
NorthPort Batang Pier vs Blackwater Bossing,18/06/2022 17:15,Winning Margin - Match,Blackwater Elite by 6-10,7.4,18/06/2022 8:52
NorthPort Batang Pier vs Blackwater Bossing,18/06/2022 17:15,Winning Margin - Match,GLOBALPORT BATANG PIER by 11-15,6.4,18/06/2022 8:52
NorthPort Batang Pier vs Blackwater Bossing,18/06/2022 17:15,Winning Margin - Match,Blackwater Elite by 11-15,13,18/06/2022 8:52
NorthPort Batang Pier vs Blackwater Bossing,18/06/2022 17:15,Winning Margin - Match,GLOBALPORT BATANG PIER by 16-20,8.2,18/06/2022 8:52
NorthPort Batang Pier vs Blackwater Bossing,18/06/2022 17:15,Winning Margin - Match,Blackwater Elite by 16-20,23,18/06/2022 8:52
NorthPort Batang Pier vs Blackwater Bossing,18/06/2022 17:15,Winning Margin - Match,GLOBALPORT BATANG PIER by 21-25,14,18/06/2022 8:52
NorthPort Batang Pier vs Blackwater Bossing,18/06/2022 17:15,Winning Margin - Match,Blackwater Elite by 21-25,50,18/06/2022 8:52
NorthPort Batang Pier vs Blackwater Bossing,18/06/2022 17:15,Winning Margin - Match,GLOBALPORT BATANG PIER by 26+,16,18/06/2022 8:52
NorthPort Batang Pier vs Blackwater Bossing,18/06/2022 17:15,Winning Margin - Match,Blackwater Elite by 26+,90,18/06/2022 8:52
Meralco Bolts vs Talk N Text Tropang,18/06/2022 19:15,Head to Head - Match,Meralco Bolts,1.69,18/06/2022 8:52
Meralco Bolts vs Talk N Text Tropang,18/06/2022 19:15,Head to Head - Match,Talk N Text Tropang,2.23,18/06/2022 8:52
Meralco Bolts vs Talk N Text Tropang,18/06/2022 19:15,Asian Handicap - Match,Meralco Bolts -3.5,2.04,18/06/2022 8:52
Meralco Bolts vs Talk N Text Tropang,18/06/2022 19:15,Asian Handicap - Match,Talk N Text Tropang +3.5,1.82,18/06/2022 8:52
Meralco Bolts vs Talk N Text Tropang,18/06/2022 19:15,Over / Under - Match,Over 171.5,1.94,18/06/2022 8:52
Meralco Bolts vs Talk N Text Tropang,18/06/2022 19:15,Over / Under - Match,Under 171.5,1.91,18/06/2022 8:52
Meralco Bolts vs Talk N Text Tropang,18/06/2022 19:15,Odd/Even Total Points - Match,Even,2.02,18/06/2022 8:52
Meralco Bolts vs Talk N Text Tropang,18/06/2022 19:15,Odd/Even Total Points - Match,Odd,1.87,18/06/2022 8:52
Meralco Bolts vs Talk N Text Tropang,18/06/2022 19:15,Winning Margin - Match,MERALCO BOLTS by 1-5,4.6,18/06/2022 8:52
Meralco Bolts vs Talk N Text Tropang,18/06/2022 19:15,Winning Margin - Match,TALK N TEXT TROPANG TEXTERS by 1-5,5.2,18/06/2022 8:52
Meralco Bolts vs Talk N Text Tropang,18/06/2022 19:15,Winning Margin - Match,MERALCO BOLTS by 6-10,4.4,18/06/2022 8:52
Meralco Bolts vs Talk N Text Tropang,18/06/2022 19:15,Winning Margin - Match,TALK N TEXT TROPANG TEXTERS by 6-10,5.8,18/06/2022 8:52
Meralco Bolts vs Talk N Text Tropang,18/06/2022 19:15,Winning Margin - Match,MERALCO BOLTS by 11-15,7.4,18/06/2022 8:52
Meralco Bolts vs Talk N Text Tropang,18/06/2022 19:15,Winning Margin - Match,TALK N TEXT TROPANG TEXTERS by 11-15,10,18/06/2022 8:52
Meralco Bolts vs Talk N Text Tropang,18/06/2022 19:15,Winning Margin - Match,MERALCO BOLTS by 16-20,10,18/06/2022 8:52
Meralco Bolts vs Talk N Text Tropang,18/06/2022 19:15,Winning Margin - Match,TALK N TEXT TROPANG TEXTERS by 16-20,16,18/06/2022 8:52
Meralco Bolts vs Talk N Text Tropang,18/06/2022 19:15,Winning Margin - Match,MERALCO BOLTS by 21-25,18,18/06/2022 8:52
Meralco Bolts vs Talk N Text Tropang,18/06/2022 19:15,Winning Margin - Match,TALK N TEXT TROPANG TEXTERS by 21-25,30,18/06/2022 8:52
Meralco Bolts vs Talk N Text Tropang,18/06/2022 19:15,Winning Margin - Match,MERALCO BOLTS by 26+,23,18/06/2022 8:52
Meralco Bolts vs Talk N Text Tropang,18/06/2022 19:15,Winning Margin - Match,TALK N TEXT TROPANG TEXTERS by 26+,50,18/06/2022 8:52
Phoenix Fuel Masters vs Rain or Shine Elasto Painters,19/06/2022 16:30,Head to Head - Match,Phoenix Fuel Masters,1.88,18/06/2022 8:52
Phoenix Fuel Masters vs Rain or Shine Elasto Painters,19/06/2022 16:30,Head to Head - Match,Rain or Shine Elasto Painters,1.97,18/06/2022 8:52
Phoenix Fuel Masters vs Rain or Shine Elasto Painters,19/06/2022 16:30,Asian Handicap - Match,Phoenix Fuel Masters -1.5,1.97,18/06/2022 8:52
Phoenix Fuel Masters vs Rain or Shine Elasto Painters,19/06/2022 16:30,Asian Handicap - Match,Rain or Shine Elasto Painters +1.5,1.88,18/06/2022 8:52
Phoenix Fuel Masters vs Rain or Shine Elasto Painters,19/06/2022 16:30,Over / Under - Match,Over 174.5,1.96,18/06/2022 8:52
Phoenix Fuel Masters vs Rain or Shine Elasto Painters,19/06/2022 16:30,Over / Under - Match,Under 174.5,1.88,18/06/2022 8:52
Phoenix Fuel Masters vs Rain or Shine Elasto Painters,19/06/2022 16:30,Odd/Even Total Points - Match,Even,2,18/06/2022 8:52
Phoenix Fuel Masters vs Rain or Shine Elasto Painters,19/06/2022 16:30,Odd/Even Total Points - Match,Odd,1.89,18/06/2022 8:52
Phoenix Fuel Masters vs Rain or Shine Elasto Painters,19/06/2022 16:30,Winning Margin - Match,Phoenix Fuel Masters by 1-5,4.8,18/06/2022 8:52
Phoenix Fuel Masters vs Rain or Shine Elasto Painters,19/06/2022 16:30,Winning Margin - Match,RAIN OR SHINE ELASTO PAINTERS by 1-5,4.9,18/06/2022 8:52
Phoenix Fuel Masters vs Rain or Shine Elasto Painters,19/06/2022 16:30,Winning Margin - Match,Phoenix Fuel Masters by 6-10,4.9,18/06/2022 8:52
Phoenix Fuel Masters vs Rain or Shine Elasto Painters,19/06/2022 16:30,Winning Margin - Match,RAIN OR SHINE ELASTO PAINTERS by 6-10,5.2,18/06/2022 8:52
Phoenix Fuel Masters vs Rain or Shine Elasto Painters,19/06/2022 16:30,Winning Margin - Match,Phoenix Fuel Masters by 11-15,8.2,18/06/2022 8:52
Phoenix Fuel Masters vs Rain or Shine Elasto Painters,19/06/2022 16:30,Winning Margin - Match,RAIN OR SHINE ELASTO PAINTERS by 11-15,8.6,18/06/2022 8:52
Phoenix Fuel Masters vs Rain or Shine Elasto Painters,19/06/2022 16:30,Winning Margin - Match,Phoenix Fuel Masters by 16-20,12,18/06/2022 8:52
Phoenix Fuel Masters vs Rain or Shine Elasto Painters,19/06/2022 16:30,Winning Margin - Match,RAIN OR SHINE ELASTO PAINTERS by 16-20,13,18/06/2022 8:52
Phoenix Fuel Masters vs Rain or Shine Elasto Painters,19/06/2022 16:30,Winning Margin - Match,Phoenix Fuel Masters by 21-25,22,18/06/2022 8:52
Phoenix Fuel Masters vs Rain or Shine Elasto Painters,19/06/2022 16:30,Winning Margin - Match,RAIN OR SHINE ELASTO PAINTERS by 21-25,24,18/06/2022 8:52
Phoenix Fuel Masters vs Rain or Shine Elasto Painters,19/06/2022 16:30,Winning Margin - Match,Phoenix Fuel Masters by 26+,30,18/06/2022 8:52
Phoenix Fuel Masters vs Rain or Shine Elasto Painters,19/06/2022 16:30,Winning Margin - Match,RAIN OR SHINE ELASTO PAINTERS by 26+,35,18/06/2022 8:52
NorthPort Batang Pier vs Blackwater Bossing,18/06/2022 17:15,Head to Head - Match,NorthPort Batang Pier,1.44,18/06/2022 10:13
NorthPort Batang Pier vs Blackwater Bossing,18/06/2022 17:15,Head to Head - Match,Blackwater Bossing,2.85,18/06/2022 10:13
NorthPort Batang Pier vs Blackwater Bossing,18/06/2022 17:15,Asian Handicap - Match,NorthPort Batang Pier -5.5,1.94,18/06/2022 10:13
NorthPort Batang Pier vs Blackwater Bossing,18/06/2022 17:15,Asian Handicap - Match,Blackwater Bossing +5.5,1.9,18/06/2022 10:13
NorthPort Batang Pier vs Blackwater Bossing,18/06/2022 17:15,Over / Under - Match,Over 176.5,1.92,18/06/2022 10:13
NorthPort Batang Pier vs Blackwater Bossing,18/06/2022 17:15,Over / Under - Match,Under 176.5,1.92,18/06/2022 10:13
NorthPort Batang Pier vs Blackwater Bossing,18/06/2022 17:15,Odd/Even Total Points - Match,Even,2.04,18/06/2022 10:13
NorthPort Batang Pier vs Blackwater Bossing,18/06/2022 17:15,Odd/Even Total Points - Match,Odd,1.85,18/06/2022 10:13
NorthPort Batang Pier vs Blackwater Bossing,18/06/2022 17:15,Winning Margin - Match,GLOBALPORT BATANG PIER by 1-5,4.5,18/06/2022 10:13
NorthPort Batang Pier vs Blackwater Bossing,18/06/2022 17:15,Winning Margin - Match,Blackwater Elite by 1-5,6,18/06/2022 10:13
NorthPort Batang Pier vs Blackwater Bossing,18/06/2022 17:15,Winning Margin - Match,GLOBALPORT BATANG PIER by 6-10,3.9,18/06/2022 10:13
NorthPort Batang Pier vs Blackwater Bossing,18/06/2022 17:15,Winning Margin - Match,Blackwater Elite by 6-10,7.2,18/06/2022 10:13
NorthPort Batang Pier vs Blackwater Bossing,18/06/2022 17:15,Winning Margin - Match,GLOBALPORT BATANG PIER by 11-15,6.6,18/06/2022 10:13
NorthPort Batang Pier vs Blackwater Bossing,18/06/2022 17:15,Winning Margin - Match,Blackwater Elite by 11-15,13,18/06/2022 10:13
NorthPort Batang Pier vs Blackwater Bossing,18/06/2022 17:15,Winning Margin - Match,GLOBALPORT BATANG PIER by 16-20,8.4,18/06/2022 10:13
NorthPort Batang Pier vs Blackwater Bossing,18/06/2022 17:15,Winning Margin - Match,Blackwater Elite by 16-20,22,18/06/2022 10:13
NorthPort Batang Pier vs Blackwater Bossing,18/06/2022 17:15,Winning Margin - Match,GLOBALPORT BATANG PIER by 21-25,14,18/06/2022 10:13
NorthPort Batang Pier vs Blackwater Bossing,18/06/2022 17:15,Winning Margin - Match,Blackwater Elite by 21-25,50,18/06/2022 10:13
NorthPort Batang Pier vs Blackwater Bossing,18/06/2022 17:15,Winning Margin - Match,GLOBALPORT BATANG PIER by 26+,17,18/06/2022 10:13
NorthPort Batang Pier vs Blackwater Bossing,18/06/2022 17:15,Winning Margin - Match,Blackwater Elite by 26+,80,18/06/2022 10:13
Meralco Bolts vs Talk N Text Tropang,18/06/2022 19:15,Head to Head - Match,Meralco Bolts,1.69,18/06/2022 10:13
Meralco Bolts vs Talk N Text Tropang,18/06/2022 19:15,Head to Head - Match,Talk N Text Tropang,2.23,18/06/2022 10:13
Meralco Bolts vs Talk N Text Tropang,18/06/2022 19:15,Asian Handicap - Match,Meralco Bolts -3.5,2.04,18/06/2022 10:13
Meralco Bolts vs Talk N Text Tropang,18/06/2022 19:15,Asian Handicap - Match,Talk N Text Tropang +3.5,1.82,18/06/2022 10:13
Meralco Bolts vs Talk N Text Tropang,18/06/2022 19:15,Over / Under - Match,Over 171.5,1.94,18/06/2022 10:13
Meralco Bolts vs Talk N Text Tropang,18/06/2022 19:15,Over / Under - Match,Under 171.5,1.91,18/06/2022 10:13
Meralco Bolts vs Talk N Text Tropang,18/06/2022 19:15,Odd/Even Total Points - Match,Even,2.02,18/06/2022 10:13
Meralco Bolts vs Talk N Text Tropang,18/06/2022 19:15,Odd/Even Total Points - Match,Odd,1.87,18/06/2022 10:13
Meralco Bolts vs Talk N Text Tropang,18/06/2022 19:15,Winning Margin - Match,MERALCO BOLTS by 1-5,4.6,18/06/2022 10:13
Meralco Bolts vs Talk N Text Tropang,18/06/2022 19:15,Winning Margin - Match,TALK N TEXT TROPANG TEXTERS by 1-5,5.2,18/06/2022 10:13
Meralco Bolts vs Talk N Text Tropang,18/06/2022 19:15,Winning Margin - Match,MERALCO BOLTS by 6-10,4.4,18/06/2022 10:13
Meralco Bolts vs Talk N Text Tropang,18/06/2022 19:15,Winning Margin - Match,TALK N TEXT TROPANG TEXTERS by 6-10,5.8,18/06/2022 10:13
Meralco Bolts vs Talk N Text Tropang,18/06/2022 19:15,Winning Margin - Match,MERALCO BOLTS by 11-15,7.4,18/06/2022 10:13
Meralco Bolts vs Talk N Text Tropang,18/06/2022 19:15,Winning Margin - Match,TALK N TEXT TROPANG TEXTERS by 11-15,10,18/06/2022 10:13
Meralco Bolts vs Talk N Text Tropang,18/06/2022 19:15,Winning Margin - Match,MERALCO BOLTS by 16-20,10,18/06/2022 10:13
Meralco Bolts vs Talk N Text Tropang,18/06/2022 19:15,Winning Margin - Match,TALK N TEXT TROPANG TEXTERS by 16-20,16,18/06/2022 10:13
Meralco Bolts vs Talk N Text Tropang,18/06/2022 19:15,Winning Margin - Match,MERALCO BOLTS by 21-25,18,18/06/2022 10:13
Meralco Bolts vs Talk N Text Tropang,18/06/2022 19:15,Winning Margin - Match,TALK N TEXT TROPANG TEXTERS by 21-25,30,18/06/2022 10:13
Meralco Bolts vs Talk N Text Tropang,18/06/2022 19:15,Winning Margin - Match,MERALCO BOLTS by 26+,23,18/06/2022 10:13
Meralco Bolts vs Talk N Text Tropang,18/06/2022 19:15,Winning Margin - Match,TALK N TEXT TROPANG TEXTERS by 26+,50,18/06/2022 10:13
Phoenix Fuel Masters vs Rain or Shine Elasto Painters,19/06/2022 16:30,Head to Head - Match,Phoenix Fuel Masters,1.88,18/06/2022 10:13
Phoenix Fuel Masters vs Rain or Shine Elasto Painters,19/06/2022 16:30,Head to Head - Match,Rain or Shine Elasto Painters,1.97,18/06/2022 10:13
Phoenix Fuel Masters vs Rain or Shine Elasto Painters,19/06/2022 16:30,Asian Handicap - Match,Phoenix Fuel Masters -1.5,1.97,18/06/2022 10:13
Phoenix Fuel Masters vs Rain or Shine Elasto Painters,19/06/2022 16:30,Asian Handicap - Match,Rain or Shine Elasto Painters +1.5,1.88,18/06/2022 10:13
Phoenix Fuel Masters vs Rain or Shine Elasto Painters,19/06/2022 16:30,Over / Under - Match,Over 174.5,1.96,18/06/2022 10:13
Phoenix Fuel Masters vs Rain or Shine Elasto Painters,19/06/2022 16:30,Over / Under - Match,Under 174.5,1.88,18/06/2022 10:13
Phoenix Fuel Masters vs Rain or Shine Elasto Painters,19/06/2022 16:30,Odd/Even Total Points - Match,Even,2,18/06/2022 10:13
Phoenix Fuel Masters vs Rain or Shine Elasto Painters,19/06/2022 16:30,Odd/Even Total Points - Match,Odd,1.89,18/06/2022 10:13
Phoenix Fuel Masters vs Rain or Shine Elasto Painters,19/06/2022 16:30,Winning Margin - Match,Phoenix Fuel Masters by 1-5,4.8,18/06/2022 10:13
Phoenix Fuel Masters vs Rain or Shine Elasto Painters,19/06/2022 16:30,Winning Margin - Match,RAIN OR SHINE ELASTO PAINTERS by 1-5,4.9,18/06/2022 10:13
Phoenix Fuel Masters vs Rain or Shine Elasto Painters,19/06/2022 16:30,Winning Margin - Match,Phoenix Fuel Masters by 6-10,4.9,18/06/2022 10:13
Phoenix Fuel Masters vs Rain or Shine Elasto Painters,19/06/2022 16:30,Winning Margin - Match,RAIN OR SHINE ELASTO PAINTERS by 6-10,5.2,18/06/2022 10:13
Phoenix Fuel Masters vs Rain or Shine Elasto Painters,19/06/2022 16:30,Winning Margin - Match,Phoenix Fuel Masters by 11-15,8.2,18/06/2022 10:13
Phoenix Fuel Masters vs Rain or Shine Elasto Painters,19/06/2022 16:30,Winning Margin - Match,RAIN OR SHINE ELASTO PAINTERS by 11-15,8.6,18/06/2022 10:13
Phoenix Fuel Masters vs Rain or Shine Elasto Painters,19/06/2022 16:30,Winning Margin - Match,Phoenix Fuel Masters by 16-20,12,18/06/2022 10:13
Phoenix Fuel Masters vs Rain or Shine Elasto Painters,19/06/2022 16:30,Winning Margin - Match,RAIN OR SHINE ELASTO PAINTERS by 16-20,13,18/06/2022 10:13
Phoenix Fuel Masters vs Rain or Shine Elasto Painters,19/06/2022 16:30,Winning Margin - Match,Phoenix Fuel Masters by 21-25,22,18/06/2022 10:13
Phoenix Fuel Masters vs Rain or Shine Elasto Painters,19/06/2022 16:30,Winning Margin - Match,RAIN OR SHINE ELASTO PAINTERS by 21-25,24,18/06/2022 10:13
Phoenix Fuel Masters vs Rain or Shine Elasto Painters,19/06/2022 16:30,Winning Margin - Match,Phoenix Fuel Masters by 26+,30,18/06/2022 10:13
Phoenix Fuel Masters vs Rain or Shine Elasto Painters,19/06/2022 16:30,Winning Margin - Match,RAIN OR SHINE ELASTO PAINTERS by 26+,35,18/06/2022 10:13
Phoenix Fuel Masters vs Rain or Shine Elasto Painters,19/06/2022 16:30,Head to Head - Match,Phoenix Fuel Masters,1.85,18/06/2022 21:55
Phoenix Fuel Masters vs Rain or Shine Elasto Painters,19/06/2022 16:30,Head to Head - Match,Rain or Shine Elasto Painters,2.01,18/06/2022 21:55
Phoenix Fuel Masters vs Rain or Shine Elasto Painters,19/06/2022 16:30,Asian Handicap - Match,Phoenix Fuel Masters -1.5,1.89,18/06/2022 21:55
Phoenix Fuel Masters vs Rain or Shine Elasto Painters,19/06/2022 16:30,Asian Handicap - Match,Rain or Shine Elasto Painters +1.5,1.95,18/06/2022 21:55
Phoenix Fuel Masters vs Rain or Shine Elasto Painters,19/06/2022 16:30,Over / Under - Match,Over 175.5,1.96,18/06/2022 21:55
Phoenix Fuel Masters vs Rain or Shine Elasto Painters,19/06/2022 16:30,Over / Under - Match,Under 175.5,1.89,18/06/2022 21:55
Phoenix Fuel Masters vs Rain or Shine Elasto Painters,19/06/2022 16:30,Odd/Even Total Points - Match,Even,2,18/06/2022 21:55
Phoenix Fuel Masters vs Rain or Shine Elasto Painters,19/06/2022 16:30,Odd/Even Total Points - Match,Odd,1.88,18/06/2022 21:55
Phoenix Fuel Masters vs Rain or Shine Elasto Painters,19/06/2022 16:30,Winning Margin - Match,Phoenix Fuel Masters by 1-5,4.8,18/06/2022 21:55
Phoenix Fuel Masters vs Rain or Shine Elasto Painters,19/06/2022 16:30,Winning Margin - Match,RAIN OR SHINE ELASTO PAINTERS by 1-5,5,18/06/2022 21:55
Phoenix Fuel Masters vs Rain or Shine Elasto Painters,19/06/2022 16:30,Winning Margin - Match,Phoenix Fuel Masters by 6-10,4.9,18/06/2022 21:55
Phoenix Fuel Masters vs Rain or Shine Elasto Painters,19/06/2022 16:30,Winning Margin - Match,RAIN OR SHINE ELASTO PAINTERS by 6-10,5.2,18/06/2022 21:55
Phoenix Fuel Masters vs Rain or Shine Elasto Painters,19/06/2022 16:30,Winning Margin - Match,Phoenix Fuel Masters by 11-15,8.2,18/06/2022 21:55
Phoenix Fuel Masters vs Rain or Shine Elasto Painters,19/06/2022 16:30,Winning Margin - Match,RAIN OR SHINE ELASTO PAINTERS by 11-15,8.8,18/06/2022 21:55
Phoenix Fuel Masters vs Rain or Shine Elasto Painters,19/06/2022 16:30,Winning Margin - Match,Phoenix Fuel Masters by 16-20,12,18/06/2022 21:55
Phoenix Fuel Masters vs Rain or Shine Elasto Painters,19/06/2022 16:30,Winning Margin - Match,RAIN OR SHINE ELASTO PAINTERS by 16-20,13,18/06/2022 21:55
Phoenix Fuel Masters vs Rain or Shine Elasto Painters,19/06/2022 16:30,Winning Margin - Match,Phoenix Fuel Masters by 21-25,21,18/06/2022 21:55
Phoenix Fuel Masters vs Rain or Shine Elasto Painters,19/06/2022 16:30,Winning Margin - Match,RAIN OR SHINE ELASTO PAINTERS by 21-25,25,18/06/2022 21:55
Phoenix Fuel Masters vs Rain or Shine Elasto Painters,19/06/2022 16:30,Winning Margin - Match,Phoenix Fuel Masters by 26+,29,18/06/2022 21:55
Phoenix Fuel Masters vs Rain or Shine Elasto Painters,19/06/2022 16:30,Winning Margin - Match,RAIN OR SHINE ELASTO PAINTERS by 26+,35,18/06/2022 21:55
Magnolia Hotshots vs Barangay Ginebra,19/06/2022 18:30,Head to Head - Match,Magnolia Hotshots,2.55,18/06/2022 21:55
Magnolia Hotshots vs Barangay Ginebra,19/06/2022 18:30,Head to Head - Match,Barangay Ginebra,1.55,18/06/2022 21:55
Magnolia Hotshots vs Barangay Ginebra,19/06/2022 18:30,Asian Handicap - Match,Magnolia Hotshots +4.5,1.91,18/06/2022 21:55
Magnolia Hotshots vs Barangay Ginebra,19/06/2022 18:30,Asian Handicap - Match,Barangay Ginebra -4.5,1.93,18/06/2022 21:55
Magnolia Hotshots vs Barangay Ginebra,19/06/2022 18:30,Over / Under - Match,Over 171.5,1.92,18/06/2022 21:55
Magnolia Hotshots vs Barangay Ginebra,19/06/2022 18:30,Over / Under - Match,Under 171.5,1.92,18/06/2022 21:55
Magnolia Hotshots vs Barangay Ginebra,19/06/2022 18:30,Odd/Even Total Points - Match,Even,2.03,18/06/2022 21:55
Magnolia Hotshots vs Barangay Ginebra,19/06/2022 18:30,Odd/Even Total Points - Match,Odd,1.86,18/06/2022 21:55
Magnolia Hotshots vs Barangay Ginebra,19/06/2022 18:30,Winning Margin - Match,SAN MIG COFFEE MIXERS by 1-5,5.6,18/06/2022 21:55
Magnolia Hotshots vs Barangay Ginebra,19/06/2022 18:30,Winning Margin - Match,BARANGAY GINEBRA SAN MIGUEL by 1-5,4.5,18/06/2022 21:55
Magnolia Hotshots vs Barangay Ginebra,19/06/2022 18:30,Winning Margin - Match,SAN MIG COFFEE MIXERS by 6-10,6.2,18/06/2022 21:55
Magnolia Hotshots vs Barangay Ginebra,19/06/2022 18:30,Winning Margin - Match,BARANGAY GINEBRA SAN MIGUEL by 6-10,4.2,18/06/2022 21:55
Magnolia Hotshots vs Barangay Ginebra,19/06/2022 18:30,Winning Margin - Match,SAN MIG COFFEE MIXERS by 11-15,11,18/06/2022 21:55
Magnolia Hotshots vs Barangay Ginebra,19/06/2022 18:30,Winning Margin - Match,BARANGAY GINEBRA SAN MIGUEL by 11-15,7,18/06/2022 21:55
Magnolia Hotshots vs Barangay Ginebra,19/06/2022 18:30,Winning Margin - Match,SAN MIG COFFEE MIXERS by 16-20,18,18/06/2022 21:55
Magnolia Hotshots vs Barangay Ginebra,19/06/2022 18:30,Winning Margin - Match,BARANGAY GINEBRA SAN MIGUEL by 16-20,9.4,18/06/2022 21:55
Magnolia Hotshots vs Barangay Ginebra,19/06/2022 18:30,Winning Margin - Match,SAN MIG COFFEE MIXERS by 21-25,35,18/06/2022 21:55
Magnolia Hotshots vs Barangay Ginebra,19/06/2022 18:30,Winning Margin - Match,BARANGAY GINEBRA SAN MIGUEL by 21-25,16,18/06/2022 21:55
Magnolia Hotshots vs Barangay Ginebra,19/06/2022 18:30,Winning Margin - Match,SAN MIG COFFEE MIXERS by 26+,60,18/06/2022 21:55
Magnolia Hotshots vs Barangay Ginebra,19/06/2022 18:30,Winning Margin - Match,BARANGAY GINEBRA SAN MIGUEL by 26+,20,18/06/2022 21:55
Phoenix Fuel Masters vs Rain or Shine Elasto Painters,19/06/2022 16:30,Head to Head - Match,Phoenix Fuel Masters,1.85,19/06/2022 7:43
Phoenix Fuel Masters vs Rain or Shine Elasto Painters,19/06/2022 16:30,Head to Head - Match,Rain or Shine Elasto Painters,2.01,19/06/2022 7:43
Phoenix Fuel Masters vs Rain or Shine Elasto Painters,19/06/2022 16:30,Asian Handicap - Match,Phoenix Fuel Masters -1.5,1.89,19/06/2022 7:43
Phoenix Fuel Masters vs Rain or Shine Elasto Painters,19/06/2022 16:30,Asian Handicap - Match,Rain or Shine Elasto Painters +1.5,1.95,19/06/2022 7:43
Phoenix Fuel Masters vs Rain or Shine Elasto Painters,19/06/2022 16:30,Over / Under - Match,Over 175.5,1.96,19/06/2022 7:43
Phoenix Fuel Masters vs Rain or Shine Elasto Painters,19/06/2022 16:30,Over / Under - Match,Under 175.5,1.89,19/06/2022 7:43
Phoenix Fuel Masters vs Rain or Shine Elasto Painters,19/06/2022 16:30,Odd/Even Total Points - Match,Even,2,19/06/2022 7:43
Phoenix Fuel Masters vs Rain or Shine Elasto Painters,19/06/2022 16:30,Odd/Even Total Points - Match,Odd,1.88,19/06/2022 7:43
Phoenix Fuel Masters vs Rain or Shine Elasto Painters,19/06/2022 16:30,Winning Margin - Match,Phoenix Fuel Masters by 1-5,4.8,19/06/2022 7:43
Phoenix Fuel Masters vs Rain or Shine Elasto Painters,19/06/2022 16:30,Winning Margin - Match,RAIN OR SHINE ELASTO PAINTERS by 1-5,5,19/06/2022 7:43
Phoenix Fuel Masters vs Rain or Shine Elasto Painters,19/06/2022 16:30,Winning Margin - Match,Phoenix Fuel Masters by 6-10,4.9,19/06/2022 7:43
Phoenix Fuel Masters vs Rain or Shine Elasto Painters,19/06/2022 16:30,Winning Margin - Match,RAIN OR SHINE ELASTO PAINTERS by 6-10,5.2,19/06/2022 7:43
Phoenix Fuel Masters vs Rain or Shine Elasto Painters,19/06/2022 16:30,Winning Margin - Match,Phoenix Fuel Masters by 11-15,8.2,19/06/2022 7:43
Phoenix Fuel Masters vs Rain or Shine Elasto Painters,19/06/2022 16:30,Winning Margin - Match,RAIN OR SHINE ELASTO PAINTERS by 11-15,8.8,19/06/2022 7:43
Phoenix Fuel Masters vs Rain or Shine Elasto Painters,19/06/2022 16:30,Winning Margin - Match,Phoenix Fuel Masters by 16-20,12,19/06/2022 7:43
Phoenix Fuel Masters vs Rain or Shine Elasto Painters,19/06/2022 16:30,Winning Margin - Match,RAIN OR SHINE ELASTO PAINTERS by 16-20,13,19/06/2022 7:43
Phoenix Fuel Masters vs Rain or Shine Elasto Painters,19/06/2022 16:30,Winning Margin - Match,Phoenix Fuel Masters by 21-25,21,19/06/2022 7:43
Phoenix Fuel Masters vs Rain or Shine Elasto Painters,19/06/2022 16:30,Winning Margin - Match,RAIN OR SHINE ELASTO PAINTERS by 21-25,25,19/06/2022 7:43
Phoenix Fuel Masters vs Rain or Shine Elasto Painters,19/06/2022 16:30,Winning Margin - Match,Phoenix Fuel Masters by 26+,29,19/06/2022 7:43
Phoenix Fuel Masters vs Rain or Shine Elasto Painters,19/06/2022 16:30,Winning Margin - Match,RAIN OR SHINE ELASTO PAINTERS by 26+,35,19/06/2022 7:43
Magnolia Hotshots vs Barangay Ginebra,19/06/2022 18:30,Head to Head - Match,Magnolia Hotshots,2.45,19/06/2022 7:43
Magnolia Hotshots vs Barangay Ginebra,19/06/2022 18:30,Head to Head - Match,Barangay Ginebra,1.58,19/06/2022 7:43
Magnolia Hotshots vs Barangay Ginebra,19/06/2022 18:30,Asian Handicap - Match,Magnolia Hotshots +3.5,1.94,19/06/2022 7:43
Magnolia Hotshots vs Barangay Ginebra,19/06/2022 18:30,Asian Handicap - Match,Barangay Ginebra -3.5,1.9,19/06/2022 7:43
Magnolia Hotshots vs Barangay Ginebra,19/06/2022 18:30,Over / Under - Match,Over 171.5,1.92,19/06/2022 7:43
Magnolia Hotshots vs Barangay Ginebra,19/06/2022 18:30,Over / Under - Match,Under 171.5,1.92,19/06/2022 7:43
Magnolia Hotshots vs Barangay Ginebra,19/06/2022 18:30,Odd/Even Total Points - Match,Even,2.02,19/06/2022 7:43
Magnolia Hotshots vs Barangay Ginebra,19/06/2022 18:30,Odd/Even Total Points - Match,Odd,1.87,19/06/2022 7:43
Magnolia Hotshots vs Barangay Ginebra,19/06/2022 18:30,Winning Margin - Match,SAN MIG COFFEE MIXERS by 1-5,5.4,19/06/2022 7:43
Magnolia Hotshots vs Barangay Ginebra,19/06/2022 18:30,Winning Margin - Match,BARANGAY GINEBRA SAN MIGUEL by 1-5,4.6,19/06/2022 7:43
Magnolia Hotshots vs Barangay Ginebra,19/06/2022 18:30,Winning Margin - Match,SAN MIG COFFEE MIXERS by 6-10,6,19/06/2022 7:43
Magnolia Hotshots vs Barangay Ginebra,19/06/2022 18:30,Winning Margin - Match,BARANGAY GINEBRA SAN MIGUEL by 6-10,4.3,19/06/2022 7:43
Magnolia Hotshots vs Barangay Ginebra,19/06/2022 18:30,Winning Margin - Match,SAN MIG COFFEE MIXERS by 11-15,10,19/06/2022 7:43
Magnolia Hotshots vs Barangay Ginebra,19/06/2022 18:30,Winning Margin - Match,BARANGAY GINEBRA SAN MIGUEL by 11-15,7.2,19/06/2022 7:43
Magnolia Hotshots vs Barangay Ginebra,19/06/2022 18:30,Winning Margin - Match,SAN MIG COFFEE MIXERS by 16-20,17,19/06/2022 7:43
Magnolia Hotshots vs Barangay Ginebra,19/06/2022 18:30,Winning Margin - Match,BARANGAY GINEBRA SAN MIGUEL by 16-20,9.8,19/06/2022 7:43
Magnolia Hotshots vs Barangay Ginebra,19/06/2022 18:30,Winning Margin - Match,SAN MIG COFFEE MIXERS by 21-25,35,19/06/2022 7:43
Magnolia Hotshots vs Barangay Ginebra,19/06/2022 18:30,Winning Margin - Match,BARANGAY GINEBRA SAN MIGUEL by 21-25,17,19/06/2022 7:43
Magnolia Hotshots vs Barangay Ginebra,19/06/2022 18:30,Winning Margin - Match,SAN MIG COFFEE MIXERS by 26+,60,19/06/2022 7:43
Magnolia Hotshots vs Barangay Ginebra,19/06/2022 18:30,Winning Margin - Match,BARANGAY GINEBRA SAN MIGUEL by 26+,21,19/06/2022 7:43
Phoenix Fuel Masters vs Rain or Shine Elasto Painters,19/06/2022 16:30,Head to Head - Match,Phoenix Fuel Masters,1.85,19/06/2022 8:13
Phoenix Fuel Masters vs Rain or Shine Elasto Painters,19/06/2022 16:30,Head to Head - Match,Rain or Shine Elasto Painters,2.01,19/06/2022 8:13
Phoenix Fuel Masters vs Rain or Shine Elasto Painters,19/06/2022 16:30,Asian Handicap - Match,Phoenix Fuel Masters -1.5,1.89,19/06/2022 8:13
Phoenix Fuel Masters vs Rain or Shine Elasto Painters,19/06/2022 16:30,Asian Handicap - Match,Rain or Shine Elasto Painters +1.5,1.95,19/06/2022 8:13
Phoenix Fuel Masters vs Rain or Shine Elasto Painters,19/06/2022 16:30,Over / Under - Match,Over 175.5,1.96,19/06/2022 8:13
Phoenix Fuel Masters vs Rain or Shine Elasto Painters,19/06/2022 16:30,Over / Under - Match,Under 175.5,1.89,19/06/2022 8:13
Phoenix Fuel Masters vs Rain or Shine Elasto Painters,19/06/2022 16:30,Odd/Even Total Points - Match,Even,2,19/06/2022 8:13
Phoenix Fuel Masters vs Rain or Shine Elasto Painters,19/06/2022 16:30,Odd/Even Total Points - Match,Odd,1.88,19/06/2022 8:13
Phoenix Fuel Masters vs Rain or Shine Elasto Painters,19/06/2022 16:30,Winning Margin - Match,Phoenix Fuel Masters by 1-5,4.8,19/06/2022 8:13
Phoenix Fuel Masters vs Rain or Shine Elasto Painters,19/06/2022 16:30,Winning Margin - Match,RAIN OR SHINE ELASTO PAINTERS by 1-5,5,19/06/2022 8:13
Phoenix Fuel Masters vs Rain or Shine Elasto Painters,19/06/2022 16:30,Winning Margin - Match,Phoenix Fuel Masters by 6-10,4.9,19/06/2022 8:13
Phoenix Fuel Masters vs Rain or Shine Elasto Painters,19/06/2022 16:30,Winning Margin - Match,RAIN OR SHINE ELASTO PAINTERS by 6-10,5.2,19/06/2022 8:13
Phoenix Fuel Masters vs Rain or Shine Elasto Painters,19/06/2022 16:30,Winning Margin - Match,Phoenix Fuel Masters by 11-15,8.2,19/06/2022 8:13
Phoenix Fuel Masters vs Rain or Shine Elasto Painters,19/06/2022 16:30,Winning Margin - Match,RAIN OR SHINE ELASTO PAINTERS by 11-15,8.8,19/06/2022 8:13
Phoenix Fuel Masters vs Rain or Shine Elasto Painters,19/06/2022 16:30,Winning Margin - Match,Phoenix Fuel Masters by 16-20,12,19/06/2022 8:13
Phoenix Fuel Masters vs Rain or Shine Elasto Painters,19/06/2022 16:30,Winning Margin - Match,RAIN OR SHINE ELASTO PAINTERS by 16-20,13,19/06/2022 8:13
Phoenix Fuel Masters vs Rain or Shine Elasto Painters,19/06/2022 16:30,Winning Margin - Match,Phoenix Fuel Masters by 21-25,21,19/06/2022 8:13
Phoenix Fuel Masters vs Rain or Shine Elasto Painters,19/06/2022 16:30,Winning Margin - Match,RAIN OR SHINE ELASTO PAINTERS by 21-25,25,19/06/2022 8:13
Phoenix Fuel Masters vs Rain or Shine Elasto Painters,19/06/2022 16:30,Winning Margin - Match,Phoenix Fuel Masters by 26+,29,19/06/2022 8:13
Phoenix Fuel Masters vs Rain or Shine Elasto Painters,19/06/2022 16:30,Winning Margin - Match,RAIN OR SHINE ELASTO PAINTERS by 26+,35,19/06/2022 8:13
Magnolia Hotshots vs Barangay Ginebra,19/06/2022 18:30,Head to Head - Match,Magnolia Hotshots,2.45,19/06/2022 8:13
Magnolia Hotshots vs Barangay Ginebra,19/06/2022 18:30,Head to Head - Match,Barangay Ginebra,1.58,19/06/2022 8:13
Magnolia Hotshots vs Barangay Ginebra,19/06/2022 18:30,Asian Handicap - Match,Magnolia Hotshots +3.5,1.94,19/06/2022 8:13
Magnolia Hotshots vs Barangay Ginebra,19/06/2022 18:30,Asian Handicap - Match,Barangay Ginebra -3.5,1.9,19/06/2022 8:13
Magnolia Hotshots vs Barangay Ginebra,19/06/2022 18:30,Over / Under - Match,Over 171.5,1.92,19/06/2022 8:13
Magnolia Hotshots vs Barangay Ginebra,19/06/2022 18:30,Over / Under - Match,Under 171.5,1.92,19/06/2022 8:13
Magnolia Hotshots vs Barangay Ginebra,19/06/2022 18:30,Odd/Even Total Points - Match,Even,2.02,19/06/2022 8:13
Magnolia Hotshots vs Barangay Ginebra,19/06/2022 18:30,Odd/Even Total Points - Match,Odd,1.87,19/06/2022 8:13
Magnolia Hotshots vs Barangay Ginebra,19/06/2022 18:30,Winning Margin - Match,SAN MIG COFFEE MIXERS by 1-5,5.4,19/06/2022 8:13
Magnolia Hotshots vs Barangay Ginebra,19/06/2022 18:30,Winning Margin - Match,BARANGAY GINEBRA SAN MIGUEL by 1-5,4.6,19/06/2022 8:13
Magnolia Hotshots vs Barangay Ginebra,19/06/2022 18:30,Winning Margin - Match,SAN MIG COFFEE MIXERS by 6-10,6,19/06/2022 8:13
Magnolia Hotshots vs Barangay Ginebra,19/06/2022 18:30,Winning Margin - Match,BARANGAY GINEBRA SAN MIGUEL by 6-10,4.3,19/06/2022 8:13
Magnolia Hotshots vs Barangay Ginebra,19/06/2022 18:30,Winning Margin - Match,SAN MIG COFFEE MIXERS by 11-15,10,19/06/2022 8:13
Magnolia Hotshots vs Barangay Ginebra,19/06/2022 18:30,Winning Margin - Match,BARANGAY GINEBRA SAN MIGUEL by 11-15,7.2,19/06/2022 8:13
Magnolia Hotshots vs Barangay Ginebra,19/06/2022 18:30,Winning Margin - Match,SAN MIG COFFEE MIXERS by 16-20,17,19/06/2022 8:13
Magnolia Hotshots vs Barangay Ginebra,19/06/2022 18:30,Winning Margin - Match,BARANGAY GINEBRA SAN MIGUEL by 16-20,9.8,19/06/2022 8:13
Magnolia Hotshots vs Barangay Ginebra,19/06/2022 18:30,Winning Margin - Match,SAN MIG COFFEE MIXERS by 21-25,35,19/06/2022 8:13
Magnolia Hotshots vs Barangay Ginebra,19/06/2022 18:30,Winning Margin - Match,BARANGAY GINEBRA SAN MIGUEL by 21-25,17,19/06/2022 8:13
Magnolia Hotshots vs Barangay Ginebra,19/06/2022 18:30,Winning Margin - Match,SAN MIG COFFEE MIXERS by 26+,60,19/06/2022 8:13
Magnolia Hotshots vs Barangay Ginebra,19/06/2022 18:30,Winning Margin - Match,BARANGAY GINEBRA SAN MIGUEL by 26+,21,19/06/2022 8:13
Phoenix Fuel Masters vs Rain or Shine Elasto Painters,19/06/2022 16:30,Head to Head - Match,Phoenix Fuel Masters,1.85,19/06/2022 10:46
Phoenix Fuel Masters vs Rain or Shine Elasto Painters,19/06/2022 16:30,Head to Head - Match,Rain or Shine Elasto Painters,2.01,19/06/2022 10:46
Phoenix Fuel Masters vs Rain or Shine Elasto Painters,19/06/2022 16:30,Asian Handicap - Match,Phoenix Fuel Masters -1.5,1.89,19/06/2022 10:46
Phoenix Fuel Masters vs Rain or Shine Elasto Painters,19/06/2022 16:30,Asian Handicap - Match,Rain or Shine Elasto Painters +1.5,1.95,19/06/2022 10:46
Phoenix Fuel Masters vs Rain or Shine Elasto Painters,19/06/2022 16:30,Over / Under - Match,Over 175.5,1.96,19/06/2022 10:46
Phoenix Fuel Masters vs Rain or Shine Elasto Painters,19/06/2022 16:30,Over / Under - Match,Under 175.5,1.89,19/06/2022 10:46
Phoenix Fuel Masters vs Rain or Shine Elasto Painters,19/06/2022 16:30,Odd/Even Total Points - Match,Even,2,19/06/2022 10:46
Phoenix Fuel Masters vs Rain or Shine Elasto Painters,19/06/2022 16:30,Odd/Even Total Points - Match,Odd,1.88,19/06/2022 10:46
Phoenix Fuel Masters vs Rain or Shine Elasto Painters,19/06/2022 16:30,Winning Margin - Match,Phoenix Fuel Masters by 1-5,4.8,19/06/2022 10:46
Phoenix Fuel Masters vs Rain or Shine Elasto Painters,19/06/2022 16:30,Winning Margin - Match,RAIN OR SHINE ELASTO PAINTERS by 1-5,5,19/06/2022 10:46
Phoenix Fuel Masters vs Rain or Shine Elasto Painters,19/06/2022 16:30,Winning Margin - Match,Phoenix Fuel Masters by 6-10,4.9,19/06/2022 10:46
Phoenix Fuel Masters vs Rain or Shine Elasto Painters,19/06/2022 16:30,Winning Margin - Match,RAIN OR SHINE ELASTO PAINTERS by 6-10,5.2,19/06/2022 10:46
Phoenix Fuel Masters vs Rain or Shine Elasto Painters,19/06/2022 16:30,Winning Margin - Match,Phoenix Fuel Masters by 11-15,8.2,19/06/2022 10:46
Phoenix Fuel Masters vs Rain or Shine Elasto Painters,19/06/2022 16:30,Winning Margin - Match,RAIN OR SHINE ELASTO PAINTERS by 11-15,8.8,19/06/2022 10:46
Phoenix Fuel Masters vs Rain or Shine Elasto Painters,19/06/2022 16:30,Winning Margin - Match,Phoenix Fuel Masters by 16-20,12,19/06/2022 10:46
Phoenix Fuel Masters vs Rain or Shine Elasto Painters,19/06/2022 16:30,Winning Margin - Match,RAIN OR SHINE ELASTO PAINTERS by 16-20,13,19/06/2022 10:46
Phoenix Fuel Masters vs Rain or Shine Elasto Painters,19/06/2022 16:30,Winning Margin - Match,Phoenix Fuel Masters by 21-25,21,19/06/2022 10:46
Phoenix Fuel Masters vs Rain or Shine Elasto Painters,19/06/2022 16:30,Winning Margin - Match,RAIN OR SHINE ELASTO PAINTERS by 21-25,25,19/06/2022 10:46
Phoenix Fuel Masters vs Rain or Shine Elasto Painters,19/06/2022 16:30,Winning Margin - Match,Phoenix Fuel Masters by 26+,29,19/06/2022 10:46
Phoenix Fuel Masters vs Rain or Shine Elasto Painters,19/06/2022 16:30,Winning Margin - Match,RAIN OR SHINE ELASTO PAINTERS by 26+,35,19/06/2022 10:46
Magnolia Hotshots vs Barangay Ginebra,19/06/2022 18:30,Head to Head - Match,Magnolia Hotshots,2.45,19/06/2022 10:46
Magnolia Hotshots vs Barangay Ginebra,19/06/2022 18:30,Head to Head - Match,Barangay Ginebra,1.58,19/06/2022 10:46
Magnolia Hotshots vs Barangay Ginebra,19/06/2022 18:30,Asian Handicap - Match,Magnolia Hotshots +3.5,1.94,19/06/2022 10:46
Magnolia Hotshots vs Barangay Ginebra,19/06/2022 18:30,Asian Handicap - Match,Barangay Ginebra -3.5,1.9,19/06/2022 10:46
Magnolia Hotshots vs Barangay Ginebra,19/06/2022 18:30,Over / Under - Match,Over 171.5,1.92,19/06/2022 10:46
Magnolia Hotshots vs Barangay Ginebra,19/06/2022 18:30,Over / Under - Match,Under 171.5,1.92,19/06/2022 10:46
Magnolia Hotshots vs Barangay Ginebra,19/06/2022 18:30,Odd/Even Total Points - Match,Even,2.02,19/06/2022 10:46
Magnolia Hotshots vs Barangay Ginebra,19/06/2022 18:30,Odd/Even Total Points - Match,Odd,1.87,19/06/2022 10:46
Magnolia Hotshots vs Barangay Ginebra,19/06/2022 18:30,Winning Margin - Match,SAN MIG COFFEE MIXERS by 1-5,5.4,19/06/2022 10:46
Magnolia Hotshots vs Barangay Ginebra,19/06/2022 18:30,Winning Margin - Match,BARANGAY GINEBRA SAN MIGUEL by 1-5,4.6,19/06/2022 10:46
Magnolia Hotshots vs Barangay Ginebra,19/06/2022 18:30,Winning Margin - Match,SAN MIG COFFEE MIXERS by 6-10,6,19/06/2022 10:46
Magnolia Hotshots vs Barangay Ginebra,19/06/2022 18:30,Winning Margin - Match,BARANGAY GINEBRA SAN MIGUEL by 6-10,4.3,19/06/2022 10:46
Magnolia Hotshots vs Barangay Ginebra,19/06/2022 18:30,Winning Margin - Match,SAN MIG COFFEE MIXERS by 11-15,10,19/06/2022 10:46
Magnolia Hotshots vs Barangay Ginebra,19/06/2022 18:30,Winning Margin - Match,BARANGAY GINEBRA SAN MIGUEL by 11-15,7.2,19/06/2022 10:46
Magnolia Hotshots vs Barangay Ginebra,19/06/2022 18:30,Winning Margin - Match,SAN MIG COFFEE MIXERS by 16-20,17,19/06/2022 10:46
Magnolia Hotshots vs Barangay Ginebra,19/06/2022 18:30,Winning Margin - Match,BARANGAY GINEBRA SAN MIGUEL by 16-20,9.8,19/06/2022 10:46
Magnolia Hotshots vs Barangay Ginebra,19/06/2022 18:30,Winning Margin - Match,SAN MIG COFFEE MIXERS by 21-25,35,19/06/2022 10:46
Magnolia Hotshots vs Barangay Ginebra,19/06/2022 18:30,Winning Margin - Match,BARANGAY GINEBRA SAN MIGUEL by 21-25,17,19/06/2022 10:46
Magnolia Hotshots vs Barangay Ginebra,19/06/2022 18:30,Winning Margin - Match,SAN MIG COFFEE MIXERS by 26+,60,19/06/2022 10:46
Magnolia Hotshots vs Barangay Ginebra,19/06/2022 18:30,Winning Margin - Match,BARANGAY GINEBRA SAN MIGUEL by 26+,21,19/06/2022 10:46
Phoenix Fuel Masters vs Rain or Shine Elasto Painters,19/06/2022 16:30,Head to Head - Match,Phoenix Fuel Masters,1.83,19/06/2022 11:54
Phoenix Fuel Masters vs Rain or Shine Elasto Painters,19/06/2022 16:30,Head to Head - Match,Rain or Shine Elasto Painters,2.03,19/06/2022 11:54
Phoenix Fuel Masters vs Rain or Shine Elasto Painters,19/06/2022 16:30,Asian Handicap - Match,Phoenix Fuel Masters -1.5,1.87,19/06/2022 11:54
Phoenix Fuel Masters vs Rain or Shine Elasto Painters,19/06/2022 16:30,Asian Handicap - Match,Rain or Shine Elasto Painters +1.5,1.97,19/06/2022 11:54
Phoenix Fuel Masters vs Rain or Shine Elasto Painters,19/06/2022 16:30,Over / Under - Match,Over 175.5,1.96,19/06/2022 11:54
Phoenix Fuel Masters vs Rain or Shine Elasto Painters,19/06/2022 16:30,Over / Under - Match,Under 175.5,1.89,19/06/2022 11:54
Phoenix Fuel Masters vs Rain or Shine Elasto Painters,19/06/2022 16:30,Odd/Even Total Points - Match,Even,2,19/06/2022 11:54
Phoenix Fuel Masters vs Rain or Shine Elasto Painters,19/06/2022 16:30,Odd/Even Total Points - Match,Odd,1.88,19/06/2022 11:54
Phoenix Fuel Masters vs Rain or Shine Elasto Painters,19/06/2022 16:30,Winning Margin - Match,Phoenix Fuel Masters by 1-5,4.8,19/06/2022 11:54
Phoenix Fuel Masters vs Rain or Shine Elasto Painters,19/06/2022 16:30,Winning Margin - Match,RAIN OR SHINE ELASTO PAINTERS by 1-5,5,19/06/2022 11:54
Phoenix Fuel Masters vs Rain or Shine Elasto Painters,19/06/2022 16:30,Winning Margin - Match,Phoenix Fuel Masters by 6-10,4.8,19/06/2022 11:54
Phoenix Fuel Masters vs Rain or Shine Elasto Painters,19/06/2022 16:30,Winning Margin - Match,RAIN OR SHINE ELASTO PAINTERS by 6-10,5.4,19/06/2022 11:54
Phoenix Fuel Masters vs Rain or Shine Elasto Painters,19/06/2022 16:30,Winning Margin - Match,Phoenix Fuel Masters by 11-15,8,19/06/2022 11:54
Phoenix Fuel Masters vs Rain or Shine Elasto Painters,19/06/2022 16:30,Winning Margin - Match,RAIN OR SHINE ELASTO PAINTERS by 11-15,9,19/06/2022 11:54
Phoenix Fuel Masters vs Rain or Shine Elasto Painters,19/06/2022 16:30,Winning Margin - Match,Phoenix Fuel Masters by 16-20,12,19/06/2022 11:54
Phoenix Fuel Masters vs Rain or Shine Elasto Painters,19/06/2022 16:30,Winning Margin - Match,RAIN OR SHINE ELASTO PAINTERS by 16-20,14,19/06/2022 11:54
Phoenix Fuel Masters vs Rain or Shine Elasto Painters,19/06/2022 16:30,Winning Margin - Match,Phoenix Fuel Masters by 21-25,21,19/06/2022 11:54
Phoenix Fuel Masters vs Rain or Shine Elasto Painters,19/06/2022 16:30,Winning Margin - Match,RAIN OR SHINE ELASTO PAINTERS by 21-25,26,19/06/2022 11:54
Phoenix Fuel Masters vs Rain or Shine Elasto Painters,19/06/2022 16:30,Winning Margin - Match,Phoenix Fuel Masters by 26+,28,19/06/2022 11:54
Phoenix Fuel Masters vs Rain or Shine Elasto Painters,19/06/2022 16:30,Winning Margin - Match,RAIN OR SHINE ELASTO PAINTERS by 26+,35,19/06/2022 11:54
Magnolia Hotshots vs Barangay Ginebra,19/06/2022 18:30,Head to Head - Match,Magnolia Hotshots,2.49,19/06/2022 11:54
Magnolia Hotshots vs Barangay Ginebra,19/06/2022 18:30,Head to Head - Match,Barangay Ginebra,1.57,19/06/2022 11:54
Magnolia Hotshots vs Barangay Ginebra,19/06/2022 18:30,Asian Handicap - Match,Magnolia Hotshots +3.5,1.97,19/06/2022 11:54
Magnolia Hotshots vs Barangay Ginebra,19/06/2022 18:30,Asian Handicap - Match,Barangay Ginebra -3.5,1.88,19/06/2022 11:54
Magnolia Hotshots vs Barangay Ginebra,19/06/2022 18:30,Over / Under - Match,Over 171.5,1.92,19/06/2022 11:54
Magnolia Hotshots vs Barangay Ginebra,19/06/2022 18:30,Over / Under - Match,Under 171.5,1.92,19/06/2022 11:54
Magnolia Hotshots vs Barangay Ginebra,19/06/2022 18:30,Odd/Even Total Points - Match,Even,2.02,19/06/2022 11:54
Magnolia Hotshots vs Barangay Ginebra,19/06/2022 18:30,Odd/Even Total Points - Match,Odd,1.87,19/06/2022 11:54
Magnolia Hotshots vs Barangay Ginebra,19/06/2022 18:30,Winning Margin - Match,SAN MIG COFFEE MIXERS by 1-5,5.4,19/06/2022 11:54
Magnolia Hotshots vs Barangay Ginebra,19/06/2022 18:30,Winning Margin - Match,BARANGAY GINEBRA SAN MIGUEL by 1-5,4.5,19/06/2022 11:54
Magnolia Hotshots vs Barangay Ginebra,19/06/2022 18:30,Winning Margin - Match,SAN MIG COFFEE MIXERS by 6-10,6.2,19/06/2022 11:54
Magnolia Hotshots vs Barangay Ginebra,19/06/2022 18:30,Winning Margin - Match,BARANGAY GINEBRA SAN MIGUEL by 6-10,4.2,19/06/2022 11:54
Magnolia Hotshots vs Barangay Ginebra,19/06/2022 18:30,Winning Margin - Match,SAN MIG COFFEE MIXERS by 11-15,11,19/06/2022 11:54
Magnolia Hotshots vs Barangay Ginebra,19/06/2022 18:30,Winning Margin - Match,BARANGAY GINEBRA SAN MIGUEL by 11-15,7.2,19/06/2022 11:54
Magnolia Hotshots vs Barangay Ginebra,19/06/2022 18:30,Winning Margin - Match,SAN MIG COFFEE MIXERS by 16-20,17,19/06/2022 11:54
Magnolia Hotshots vs Barangay Ginebra,19/06/2022 18:30,Winning Margin - Match,BARANGAY GINEBRA SAN MIGUEL by 16-20,9.6,19/06/2022 11:54
Magnolia Hotshots vs Barangay Ginebra,19/06/2022 18:30,Winning Margin - Match,SAN MIG COFFEE MIXERS by 21-25,35,19/06/2022 11:54
Magnolia Hotshots vs Barangay Ginebra,19/06/2022 18:30,Winning Margin - Match,BARANGAY GINEBRA SAN MIGUEL by 21-25,17,19/06/2022 11:54
Magnolia Hotshots vs Barangay Ginebra,19/06/2022 18:30,Winning Margin - Match,SAN MIG COFFEE MIXERS by 26+,60,19/06/2022 11:54
Magnolia Hotshots vs Barangay Ginebra,19/06/2022 18:30,Winning Margin - Match,BARANGAY GINEBRA SAN MIGUEL by 26+,21,19/06/2022 11:54
Phoenix Fuel Masters vs Rain or Shine Elasto Painters,19/06/2022 16:30,Head to Head - Match,Phoenix Fuel Masters,1.71,19/06/2022 13:08
Phoenix Fuel Masters vs Rain or Shine Elasto Painters,19/06/2022 16:30,Head to Head - Match,Rain or Shine Elasto Painters,2.2,19/06/2022 13:08
Phoenix Fuel Masters vs Rain or Shine Elasto Painters,19/06/2022 16:30,Asian Handicap - Match,Phoenix Fuel Masters -1.5,1.8,19/06/2022 13:08
Phoenix Fuel Masters vs Rain or Shine Elasto Painters,19/06/2022 16:30,Asian Handicap - Match,Rain or Shine Elasto Painters +1.5,2.05,19/06/2022 13:08
Phoenix Fuel Masters vs Rain or Shine Elasto Painters,19/06/2022 16:30,Over / Under - Match,Over 175.5,2.01,19/06/2022 13:08
Phoenix Fuel Masters vs Rain or Shine Elasto Painters,19/06/2022 16:30,Over / Under - Match,Under 175.5,1.85,19/06/2022 13:08
Phoenix Fuel Masters vs Rain or Shine Elasto Painters,19/06/2022 16:30,Odd/Even Total Points - Match,Even,2.01,19/06/2022 13:08
Phoenix Fuel Masters vs Rain or Shine Elasto Painters,19/06/2022 16:30,Odd/Even Total Points - Match,Odd,1.88,19/06/2022 13:08
Phoenix Fuel Masters vs Rain or Shine Elasto Painters,19/06/2022 16:30,Winning Margin - Match,Phoenix Fuel Masters by 1-5,4.7,19/06/2022 13:08
Phoenix Fuel Masters vs Rain or Shine Elasto Painters,19/06/2022 16:30,Winning Margin - Match,RAIN OR SHINE ELASTO PAINTERS by 1-5,5,19/06/2022 13:08
Phoenix Fuel Masters vs Rain or Shine Elasto Painters,19/06/2022 16:30,Winning Margin - Match,Phoenix Fuel Masters by 6-10,4.8,19/06/2022 13:08
Phoenix Fuel Masters vs Rain or Shine Elasto Painters,19/06/2022 16:30,Winning Margin - Match,RAIN OR SHINE ELASTO PAINTERS by 6-10,5.4,19/06/2022 13:08
Phoenix Fuel Masters vs Rain or Shine Elasto Painters,19/06/2022 16:30,Winning Margin - Match,Phoenix Fuel Masters by 11-15,8,19/06/2022 13:08
Phoenix Fuel Masters vs Rain or Shine Elasto Painters,19/06/2022 16:30,Winning Margin - Match,RAIN OR SHINE ELASTO PAINTERS by 11-15,9,19/06/2022 13:08
Phoenix Fuel Masters vs Rain or Shine Elasto Painters,19/06/2022 16:30,Winning Margin - Match,Phoenix Fuel Masters by 16-20,11,19/06/2022 13:08
Phoenix Fuel Masters vs Rain or Shine Elasto Painters,19/06/2022 16:30,Winning Margin - Match,RAIN OR SHINE ELASTO PAINTERS by 16-20,14,19/06/2022 13:08
Phoenix Fuel Masters vs Rain or Shine Elasto Painters,19/06/2022 16:30,Winning Margin - Match,Phoenix Fuel Masters by 21-25,21,19/06/2022 13:08
Phoenix Fuel Masters vs Rain or Shine Elasto Painters,19/06/2022 16:30,Winning Margin - Match,RAIN OR SHINE ELASTO PAINTERS by 21-25,26,19/06/2022 13:08
Phoenix Fuel Masters vs Rain or Shine Elasto Painters,19/06/2022 16:30,Winning Margin - Match,Phoenix Fuel Masters by 26+,28,19/06/2022 13:08
Phoenix Fuel Masters vs Rain or Shine Elasto Painters,19/06/2022 16:30,Winning Margin - Match,RAIN OR SHINE ELASTO PAINTERS by 26+,40,19/06/2022 13:08
Magnolia Hotshots vs Barangay Ginebra,19/06/2022 18:30,Head to Head - Match,Magnolia Hotshots,2.49,19/06/2022 13:08
Magnolia Hotshots vs Barangay Ginebra,19/06/2022 18:30,Head to Head - Match,Barangay Ginebra,1.57,19/06/2022 13:08
Magnolia Hotshots vs Barangay Ginebra,19/06/2022 18:30,Asian Handicap - Match,Magnolia Hotshots +3.5,1.99,19/06/2022 13:08
Magnolia Hotshots vs Barangay Ginebra,19/06/2022 18:30,Asian Handicap - Match,Barangay Ginebra -3.5,1.86,19/06/2022 13:08
Magnolia Hotshots vs Barangay Ginebra,19/06/2022 18:30,Over / Under - Match,Over 171.5,1.97,19/06/2022 13:08
Magnolia Hotshots vs Barangay Ginebra,19/06/2022 18:30,Over / Under - Match,Under 171.5,1.88,19/06/2022 13:08
Magnolia Hotshots vs Barangay Ginebra,19/06/2022 18:30,Odd/Even Total Points - Match,Even,2.02,19/06/2022 13:08
Magnolia Hotshots vs Barangay Ginebra,19/06/2022 18:30,Odd/Even Total Points - Match,Odd,1.87,19/06/2022 13:08
Magnolia Hotshots vs Barangay Ginebra,19/06/2022 18:30,Winning Margin - Match,SAN MIG COFFEE MIXERS by 1-5,5.4,19/06/2022 13:08
Magnolia Hotshots vs Barangay Ginebra,19/06/2022 18:30,Winning Margin - Match,BARANGAY GINEBRA SAN MIGUEL by 1-5,4.5,19/06/2022 13:08
Magnolia Hotshots vs Barangay Ginebra,19/06/2022 18:30,Winning Margin - Match,SAN MIG COFFEE MIXERS by 6-10,6.2,19/06/2022 13:08
Magnolia Hotshots vs Barangay Ginebra,19/06/2022 18:30,Winning Margin - Match,BARANGAY GINEBRA SAN MIGUEL by 6-10,4.2,19/06/2022 13:08
Magnolia Hotshots vs Barangay Ginebra,19/06/2022 18:30,Winning Margin - Match,SAN MIG COFFEE MIXERS by 11-15,11,19/06/2022 13:08
Magnolia Hotshots vs Barangay Ginebra,19/06/2022 18:30,Winning Margin - Match,BARANGAY GINEBRA SAN MIGUEL by 11-15,7.2,19/06/2022 13:08
Magnolia Hotshots vs Barangay Ginebra,19/06/2022 18:30,Winning Margin - Match,SAN MIG COFFEE MIXERS by 16-20,17,19/06/2022 13:08
Magnolia Hotshots vs Barangay Ginebra,19/06/2022 18:30,Winning Margin - Match,BARANGAY GINEBRA SAN MIGUEL by 16-20,9.6,19/06/2022 13:08
Magnolia Hotshots vs Barangay Ginebra,19/06/2022 18:30,Winning Margin - Match,SAN MIG COFFEE MIXERS by 21-25,35,19/06/2022 13:08
Magnolia Hotshots vs Barangay Ginebra,19/06/2022 18:30,Winning Margin - Match,BARANGAY GINEBRA SAN MIGUEL by 21-25,17,19/06/2022 13:08
Magnolia Hotshots vs Barangay Ginebra,19/06/2022 18:30,Winning Margin - Match,SAN MIG COFFEE MIXERS by 26+,60,19/06/2022 13:08
Magnolia Hotshots vs Barangay Ginebra,19/06/2022 18:30,Winning Margin - Match,BARANGAY GINEBRA SAN MIGUEL by 26+,21,19/06/2022 13:08
Phoenix Fuel Masters vs Rain or Shine Elasto Painters,19/06/2022 16:30,Head to Head - Match,Phoenix Fuel Masters,1.67,19/06/2022 14:42
Phoenix Fuel Masters vs Rain or Shine Elasto Painters,19/06/2022 16:30,Head to Head - Match,Rain or Shine Elasto Painters,2.25,19/06/2022 14:42
Phoenix Fuel Masters vs Rain or Shine Elasto Painters,19/06/2022 16:30,Asian Handicap - Match,Phoenix Fuel Masters -2.5,1.92,19/06/2022 14:42
Phoenix Fuel Masters vs Rain or Shine Elasto Painters,19/06/2022 16:30,Asian Handicap - Match,Rain or Shine Elasto Painters +2.5,1.92,19/06/2022 14:42
Phoenix Fuel Masters vs Rain or Shine Elasto Painters,19/06/2022 16:30,Over / Under - Match,Over 175.5,2.01,19/06/2022 14:42
Phoenix Fuel Masters vs Rain or Shine Elasto Painters,19/06/2022 16:30,Over / Under - Match,Under 175.5,1.85,19/06/2022 14:42
Phoenix Fuel Masters vs Rain or Shine Elasto Painters,19/06/2022 16:30,Odd/Even Total Points - Match,Even,2.01,19/06/2022 14:42
Phoenix Fuel Masters vs Rain or Shine Elasto Painters,19/06/2022 16:30,Odd/Even Total Points - Match,Odd,1.88,19/06/2022 14:42
Phoenix Fuel Masters vs Rain or Shine Elasto Painters,19/06/2022 16:30,Winning Margin - Match,Phoenix Fuel Masters by 1-5,4.7,19/06/2022 14:42
Phoenix Fuel Masters vs Rain or Shine Elasto Painters,19/06/2022 16:30,Winning Margin - Match,RAIN OR SHINE ELASTO PAINTERS by 1-5,5,19/06/2022 14:42
Phoenix Fuel Masters vs Rain or Shine Elasto Painters,19/06/2022 16:30,Winning Margin - Match,Phoenix Fuel Masters by 6-10,4.7,19/06/2022 14:42
Phoenix Fuel Masters vs Rain or Shine Elasto Painters,19/06/2022 16:30,Winning Margin - Match,RAIN OR SHINE ELASTO PAINTERS by 6-10,5.4,19/06/2022 14:42
Phoenix Fuel Masters vs Rain or Shine Elasto Painters,19/06/2022 16:30,Winning Margin - Match,Phoenix Fuel Masters by 11-15,7.8,19/06/2022 14:42
Phoenix Fuel Masters vs Rain or Shine Elasto Painters,19/06/2022 16:30,Winning Margin - Match,RAIN OR SHINE ELASTO PAINTERS by 11-15,9.4,19/06/2022 14:42
Phoenix Fuel Masters vs Rain or Shine Elasto Painters,19/06/2022 16:30,Winning Margin - Match,Phoenix Fuel Masters by 16-20,11,19/06/2022 14:42
Phoenix Fuel Masters vs Rain or Shine Elasto Painters,19/06/2022 16:30,Winning Margin - Match,RAIN OR SHINE ELASTO PAINTERS by 16-20,14,19/06/2022 14:42
Phoenix Fuel Masters vs Rain or Shine Elasto Painters,19/06/2022 16:30,Winning Margin - Match,Phoenix Fuel Masters by 21-25,20,19/06/2022 14:42
Phoenix Fuel Masters vs Rain or Shine Elasto Painters,19/06/2022 16:30,Winning Margin - Match,RAIN OR SHINE ELASTO PAINTERS by 21-25,28,19/06/2022 14:42
Phoenix Fuel Masters vs Rain or Shine Elasto Painters,19/06/2022 16:30,Winning Margin - Match,Phoenix Fuel Masters by 26+,26,19/06/2022 14:42
Phoenix Fuel Masters vs Rain or Shine Elasto Painters,19/06/2022 16:30,Winning Margin - Match,RAIN OR SHINE ELASTO PAINTERS by 26+,40,19/06/2022 14:42
Magnolia Hotshots vs Barangay Ginebra,19/06/2022 18:30,Head to Head - Match,Magnolia Hotshots,2.29,19/06/2022 14:42
Magnolia Hotshots vs Barangay Ginebra,19/06/2022 18:30,Head to Head - Match,Barangay Ginebra,1.66,19/06/2022 14:42
Magnolia Hotshots vs Barangay Ginebra,19/06/2022 18:30,Asian Handicap - Match,Magnolia Hotshots +3.5,1.89,19/06/2022 14:42
Magnolia Hotshots vs Barangay Ginebra,19/06/2022 18:30,Asian Handicap - Match,Barangay Ginebra -3.5,1.96,19/06/2022 14:42
Magnolia Hotshots vs Barangay Ginebra,19/06/2022 18:30,Over / Under - Match,Over 171.5,1.97,19/06/2022 14:42
Magnolia Hotshots vs Barangay Ginebra,19/06/2022 18:30,Over / Under - Match,Under 171.5,1.88,19/06/2022 14:42
Magnolia Hotshots vs Barangay Ginebra,19/06/2022 18:30,Odd/Even Total Points - Match,Even,2.02,19/06/2022 14:42
Magnolia Hotshots vs Barangay Ginebra,19/06/2022 18:30,Odd/Even Total Points - Match,Odd,1.87,19/06/2022 14:42
Magnolia Hotshots vs Barangay Ginebra,19/06/2022 18:30,Winning Margin - Match,SAN MIG COFFEE MIXERS by 1-5,5.2,19/06/2022 14:42
Magnolia Hotshots vs Barangay Ginebra,19/06/2022 18:30,Winning Margin - Match,BARANGAY GINEBRA SAN MIGUEL by 1-5,4.6,19/06/2022 14:42
Magnolia Hotshots vs Barangay Ginebra,19/06/2022 18:30,Winning Margin - Match,SAN MIG COFFEE MIXERS by 6-10,5.8,19/06/2022 14:42
Magnolia Hotshots vs Barangay Ginebra,19/06/2022 18:30,Winning Margin - Match,BARANGAY GINEBRA SAN MIGUEL by 6-10,4.4,19/06/2022 14:42
Magnolia Hotshots vs Barangay Ginebra,19/06/2022 18:30,Winning Margin - Match,SAN MIG COFFEE MIXERS by 11-15,10,19/06/2022 14:42
Magnolia Hotshots vs Barangay Ginebra,19/06/2022 18:30,Winning Margin - Match,BARANGAY GINEBRA SAN MIGUEL by 11-15,7.4,19/06/2022 14:42
Magnolia Hotshots vs Barangay Ginebra,19/06/2022 18:30,Winning Margin - Match,SAN MIG COFFEE MIXERS by 16-20,16,19/06/2022 14:42
Magnolia Hotshots vs Barangay Ginebra,19/06/2022 18:30,Winning Margin - Match,BARANGAY GINEBRA SAN MIGUEL by 16-20,10,19/06/2022 14:42
Magnolia Hotshots vs Barangay Ginebra,19/06/2022 18:30,Winning Margin - Match,SAN MIG COFFEE MIXERS by 21-25,30,19/06/2022 14:42
Magnolia Hotshots vs Barangay Ginebra,19/06/2022 18:30,Winning Margin - Match,BARANGAY GINEBRA SAN MIGUEL by 21-25,18,19/06/2022 14:42
Magnolia Hotshots vs Barangay Ginebra,19/06/2022 18:30,Winning Margin - Match,SAN MIG COFFEE MIXERS by 26+,50,19/06/2022 14:42
Magnolia Hotshots vs Barangay Ginebra,19/06/2022 18:30,Winning Margin - Match,BARANGAY GINEBRA SAN MIGUEL by 26+,24,19/06/2022 14:42
Phoenix Fuel Masters vs Rain or Shine Elasto Painters,19/06/2022 16:30,Head to Head - Match,Phoenix Fuel Masters,1.6,19/06/2022 16:22
Phoenix Fuel Masters vs Rain or Shine Elasto Painters,19/06/2022 16:30,Head to Head - Match,Rain or Shine Elasto Painters,2.41,19/06/2022 16:22
Phoenix Fuel Masters vs Rain or Shine Elasto Painters,19/06/2022 16:30,Asian Handicap - Match,Phoenix Fuel Masters -3.5,2.03,19/06/2022 16:22
Phoenix Fuel Masters vs Rain or Shine Elasto Painters,19/06/2022 16:30,Asian Handicap - Match,Rain or Shine Elasto Painters +3.5,1.83,19/06/2022 16:22
Phoenix Fuel Masters vs Rain or Shine Elasto Painters,19/06/2022 16:30,Over / Under - Match,Over 175.5,2.01,19/06/2022 16:22
Phoenix Fuel Masters vs Rain or Shine Elasto Painters,19/06/2022 16:30,Over / Under - Match,Under 175.5,1.85,19/06/2022 16:22
Phoenix Fuel Masters vs Rain or Shine Elasto Painters,19/06/2022 16:30,Odd/Even Total Points - Match,Even,2.02,19/06/2022 16:22
Phoenix Fuel Masters vs Rain or Shine Elasto Painters,19/06/2022 16:30,Odd/Even Total Points - Match,Odd,1.87,19/06/2022 16:22
Phoenix Fuel Masters vs Rain or Shine Elasto Painters,19/06/2022 16:30,Winning Margin - Match,Phoenix Fuel Masters by 1-5,4.6,19/06/2022 16:22
Phoenix Fuel Masters vs Rain or Shine Elasto Painters,19/06/2022 16:30,Winning Margin - Match,RAIN OR SHINE ELASTO PAINTERS by 1-5,5.2,19/06/2022 16:22
Phoenix Fuel Masters vs Rain or Shine Elasto Painters,19/06/2022 16:30,Winning Margin - Match,Phoenix Fuel Masters by 6-10,4.4,19/06/2022 16:22
Phoenix Fuel Masters vs Rain or Shine Elasto Painters,19/06/2022 16:30,Winning Margin - Match,RAIN OR SHINE ELASTO PAINTERS by 6-10,5.8,19/06/2022 16:22
Phoenix Fuel Masters vs Rain or Shine Elasto Painters,19/06/2022 16:30,Winning Margin - Match,Phoenix Fuel Masters by 11-15,7.4,19/06/2022 16:22
Phoenix Fuel Masters vs Rain or Shine Elasto Painters,19/06/2022 16:30,Winning Margin - Match,RAIN OR SHINE ELASTO PAINTERS by 11-15,10,19/06/2022 16:22
Phoenix Fuel Masters vs Rain or Shine Elasto Painters,19/06/2022 16:30,Winning Margin - Match,Phoenix Fuel Masters by 16-20,10,19/06/2022 16:22
Phoenix Fuel Masters vs Rain or Shine Elasto Painters,19/06/2022 16:30,Winning Margin - Match,RAIN OR SHINE ELASTO PAINTERS by 16-20,16,19/06/2022 16:22
Phoenix Fuel Masters vs Rain or Shine Elasto Painters,19/06/2022 16:30,Winning Margin - Match,Phoenix Fuel Masters by 21-25,18,19/06/2022 16:22
Phoenix Fuel Masters vs Rain or Shine Elasto Painters,19/06/2022 16:30,Winning Margin - Match,RAIN OR SHINE ELASTO PAINTERS by 21-25,30,19/06/2022 16:22
Phoenix Fuel Masters vs Rain or Shine Elasto Painters,19/06/2022 16:30,Winning Margin - Match,Phoenix Fuel Masters by 26+,23,19/06/2022 16:22
Phoenix Fuel Masters vs Rain or Shine Elasto Painters,19/06/2022 16:30,Winning Margin - Match,RAIN OR SHINE ELASTO PAINTERS by 26+,50,19/06/2022 16:22
Magnolia Hotshots vs Barangay Ginebra,19/06/2022 18:30,Head to Head - Match,Magnolia Hotshots,2.1,19/06/2022 16:22
Magnolia Hotshots vs Barangay Ginebra,19/06/2022 18:30,Head to Head - Match,Barangay Ginebra,1.78,19/06/2022 16:22
Magnolia Hotshots vs Barangay Ginebra,19/06/2022 18:30,Asian Handicap - Match,Magnolia Hotshots +2.5,1.9,19/06/2022 16:22
Magnolia Hotshots vs Barangay Ginebra,19/06/2022 18:30,Asian Handicap - Match,Barangay Ginebra -2.5,1.95,19/06/2022 16:22
Magnolia Hotshots vs Barangay Ginebra,19/06/2022 18:30,Over / Under - Match,Over 171.5,1.97,19/06/2022 16:22
Magnolia Hotshots vs Barangay Ginebra,19/06/2022 18:30,Over / Under - Match,Under 171.5,1.88,19/06/2022 16:22
Magnolia Hotshots vs Barangay Ginebra,19/06/2022 18:30,Odd/Even Total Points - Match,Even,2.01,19/06/2022 16:22
Magnolia Hotshots vs Barangay Ginebra,19/06/2022 18:30,Odd/Even Total Points - Match,Odd,1.88,19/06/2022 16:22
Magnolia Hotshots vs Barangay Ginebra,19/06/2022 18:30,Winning Margin - Match,SAN MIG COFFEE MIXERS by 1-5,5.2,19/06/2022 16:22
Magnolia Hotshots vs Barangay Ginebra,19/06/2022 18:30,Winning Margin - Match,BARANGAY GINEBRA SAN MIGUEL by 1-5,4.7,19/06/2022 16:22
Magnolia Hotshots vs Barangay Ginebra,19/06/2022 18:30,Winning Margin - Match,SAN MIG COFFEE MIXERS by 6-10,5.6,19/06/2022 16:22
Magnolia Hotshots vs Barangay Ginebra,19/06/2022 18:30,Winning Margin - Match,BARANGAY GINEBRA SAN MIGUEL by 6-10,4.6,19/06/2022 16:22
Magnolia Hotshots vs Barangay Ginebra,19/06/2022 18:30,Winning Margin - Match,SAN MIG COFFEE MIXERS by 11-15,9.4,19/06/2022 16:22
Magnolia Hotshots vs Barangay Ginebra,19/06/2022 18:30,Winning Margin - Match,BARANGAY GINEBRA SAN MIGUEL by 11-15,7.8,19/06/2022 16:22
Magnolia Hotshots vs Barangay Ginebra,19/06/2022 18:30,Winning Margin - Match,SAN MIG COFFEE MIXERS by 16-20,14,19/06/2022 16:22
Magnolia Hotshots vs Barangay Ginebra,19/06/2022 18:30,Winning Margin - Match,BARANGAY GINEBRA SAN MIGUEL by 16-20,11,19/06/2022 16:22
Magnolia Hotshots vs Barangay Ginebra,19/06/2022 18:30,Winning Margin - Match,SAN MIG COFFEE MIXERS by 21-25,28,19/06/2022 16:22
Magnolia Hotshots vs Barangay Ginebra,19/06/2022 18:30,Winning Margin - Match,BARANGAY GINEBRA SAN MIGUEL by 21-25,20,19/06/2022 16:22
Magnolia Hotshots vs Barangay Ginebra,19/06/2022 18:30,Winning Margin - Match,SAN MIG COFFEE MIXERS by 26+,40,19/06/2022 16:22
Magnolia Hotshots vs Barangay Ginebra,19/06/2022 18:30,Winning Margin - Match,BARANGAY GINEBRA SAN MIGUEL by 26+,26,19/06/2022 16:22
Magnolia Hotshots vs Barangay Ginebra,19/06/2022 18:30,Head to Head - Match,Magnolia Hotshots,2.15,19/06/2022 18:49
Magnolia Hotshots vs Barangay Ginebra,19/06/2022 18:30,Head to Head - Match,Barangay Ginebra,1.7,19/06/2022 18:49
Magnolia Hotshots vs Barangay Ginebra,19/06/2022 18:30,Asian Handicap - Match,Magnolia Hotshots -1.5,2.25,19/06/2022 18:49
Magnolia Hotshots vs Barangay Ginebra,19/06/2022 18:30,Asian Handicap - Match,Barangay Ginebra +1.5,1.65,19/06/2022 18:49
Magnolia Hotshots vs Barangay Ginebra,19/06/2022 18:30,Asian Handicap - Match,Magnolia Hotshots +1.5,2,19/06/2022 18:49
Magnolia Hotshots vs Barangay Ginebra,19/06/2022 18:30,Asian Handicap - Match,Barangay Ginebra -1.5,1.8,19/06/2022 18:49
Magnolia Hotshots vs Barangay Ginebra,19/06/2022 18:30,Asian Handicap - Match,Magnolia Hotshots +2.5,1.9,19/06/2022 18:49
Magnolia Hotshots vs Barangay Ginebra,19/06/2022 18:30,Asian Handicap - Match,Barangay Ginebra -2.5,1.9,19/06/2022 18:49
Magnolia Hotshots vs Barangay Ginebra,19/06/2022 18:30,Asian Handicap - Match,Magnolia Hotshots +3.5,1.8,19/06/2022 18:49
Magnolia Hotshots vs Barangay Ginebra,19/06/2022 18:30,Asian Handicap - Match,Barangay Ginebra -3.5,2.05,19/06/2022 18:49
Magnolia Hotshots vs Barangay Ginebra,19/06/2022 18:30,Asian Handicap - Match,Magnolia Hotshots +4.5,1.7,19/06/2022 18:49
Magnolia Hotshots vs Barangay Ginebra,19/06/2022 18:30,Asian Handicap - Match,Barangay Ginebra -4.5,2.2,19/06/2022 18:49
Magnolia Hotshots vs Barangay Ginebra,19/06/2022 18:30,Over / Under - Barangay Ginebra - Regulation Time,Over 87.5,2.05,19/06/2022 18:49
Magnolia Hotshots vs Barangay Ginebra,19/06/2022 18:30,Over / Under - Barangay Ginebra - Regulation Time,Under 87.5,1.75,19/06/2022 18:49
Magnolia Hotshots vs Barangay Ginebra,19/06/2022 18:30,Over / Under - Barangay Ginebra - Regulation Time,Over 85.5,1.75,19/06/2022 18:49
Magnolia Hotshots vs Barangay Ginebra,19/06/2022 18:30,Over / Under - Barangay Ginebra - Regulation Time,Under 85.5,2.05,19/06/2022 18:49
Magnolia Hotshots vs Barangay Ginebra,19/06/2022 18:30,Over / Under - Barangay Ginebra - Regulation Time,Over 86.5,1.9,19/06/2022 18:49
Magnolia Hotshots vs Barangay Ginebra,19/06/2022 18:30,Over / Under - Barangay Ginebra - Regulation Time,Under 86.5,1.9,19/06/2022 18:49
Magnolia Hotshots vs Barangay Ginebra,19/06/2022 18:30,Over / Under - Magnolia Hotshots - Regulation Time,Over 83.5,1.7,19/06/2022 18:49
Magnolia Hotshots vs Barangay Ginebra,19/06/2022 18:30,Over / Under - Magnolia Hotshots - Regulation Time,Under 83.5,2.15,19/06/2022 18:49
Magnolia Hotshots vs Barangay Ginebra,19/06/2022 18:30,Over / Under - Magnolia Hotshots - Regulation Time,Over 84.5,1.8,19/06/2022 18:49
Magnolia Hotshots vs Barangay Ginebra,19/06/2022 18:30,Over / Under - Magnolia Hotshots - Regulation Time,Under 84.5,1.95,19/06/2022 18:49
Magnolia Hotshots vs Barangay Ginebra,19/06/2022 18:30,Over / Under - Magnolia Hotshots - Regulation Time,Over 85.5,1.95,19/06/2022 18:49
Magnolia Hotshots vs Barangay Ginebra,19/06/2022 18:30,Over / Under - Magnolia Hotshots - Regulation Time,Under 85.5,1.8,19/06/2022 18:49
Magnolia Hotshots vs Barangay Ginebra,19/06/2022 18:30,Over / Under - Match,Over 170.5,1.75,19/06/2022 18:49
Magnolia Hotshots vs Barangay Ginebra,19/06/2022 18:30,Over / Under - Match,Under 170.5,2.1,19/06/2022 18:49
Magnolia Hotshots vs Barangay Ginebra,19/06/2022 18:30,Over / Under - Match,Over 171.5,1.8,19/06/2022 18:49
Magnolia Hotshots vs Barangay Ginebra,19/06/2022 18:30,Over / Under - Match,Under 171.5,2,19/06/2022 18:49
Magnolia Hotshots vs Barangay Ginebra,19/06/2022 18:30,Over / Under - Match,Over 172.5,1.9,19/06/2022 18:49
Magnolia Hotshots vs Barangay Ginebra,19/06/2022 18:30,Over / Under - Match,Under 172.5,1.9,19/06/2022 18:49
Magnolia Hotshots vs Barangay Ginebra,19/06/2022 18:30,Over / Under - Match,Over 173.5,2,19/06/2022 18:49
Magnolia Hotshots vs Barangay Ginebra,19/06/2022 18:30,Over / Under - Match,Under 173.5,1.8,19/06/2022 18:49
Magnolia Hotshots vs Barangay Ginebra,19/06/2022 18:30,Over / Under - Match,Over 174.5,2.1,19/06/2022 18:49
Magnolia Hotshots vs Barangay Ginebra,19/06/2022 18:30,Over / Under - Match,Under 174.5,1.75,19/06/2022 18:49
